,status,duration,credit_history,purpose,amount,savings,employment_duration,installment_rate,personal_status_sex,present_residence,property,age,number_credits,telephone,credit_risk
0,1,18,4,2,6.956545443151569,0.6931471805599453,2,4,2,4,2,21.0,0.6931471805599453,1,1
1,1,9,4,0,7.937374696163295,0.6931471805599453,3,2,3,2,1,36.0,1.0986122886681098,1,1
2,2,12,2,6,6.7357800142423265,1.0986122886681098,4,2,2,4,1,23.0,0.6931471805599453,1,1
3,1,12,4,0,7.660585461703256,0.6931471805599453,3,3,3,2,1,39.0,1.0986122886681098,1,1
4,1,12,4,0,7.683403681053826,0.6931471805599453,3,4,3,4,2,38.0,1.0986122886681098,1,1
5,1,10,4,0,7.715123603632105,0.6931471805599453,2,1,3,3,1,48.0,1.0986122886681098,1,1
6,1,8,4,0,8.131236549696116,0.6931471805599453,4,1,3,4,1,39.0,1.0986122886681098,1,1
7,1,6,4,0,7.216709486709457,0.6931471805599453,2,2,3,4,1,40.0,0.6931471805599453,1,1
8,4,18,4,3,7.002155954403621,0.6931471805599453,1,4,2,4,3,64.5,1.0986122886681098,1,1
9,2,24,2,3,8.231908243564177,1.3862943611198906,1,1,2,4,4,23.0,0.6931471805599453,1,1
10,1,11,4,0,8.270269111436624,0.6931471805599453,3,2,3,2,1,36.0,1.0986122886681098,1,1
11,1,30,4,1,8.730367211692958,1.0986122886681098,4,1,4,4,3,24.0,1.0986122886681098,1,1
12,1,6,4,3,7.579678823090456,0.6931471805599453,4,1,2,4,3,31.0,0.6931471805599453,1,1
13,2,42,3,6,8.933664178700935,1.0986122886681098,1,2,3,4,4,31.0,0.6931471805599453,2,1
14,1,18,2,3,7.5688956634069955,1.791759469228055,4,2,4,4,3,23.0,1.0986122886681098,1,1
15,1,6,2,3,7.881559917056899,1.3862943611198906,3,2,3,3,1,44.0,0.6931471805599453,1,1
16,1,11,4,0,8.27893600229198,0.6931471805599453,3,1,3,2,1,40.0,1.0986122886681098,1,1
17,2,18,2,3,8.075271546297458,1.3862943611198906,2,1,4,3,1,25.0,0.6931471805599453,1,1
18,2,36,4,3,7.757051142032013,0.6931471805599453,5,4,3,4,1,36.0,0.6931471805599453,1,1
19,4,11,4,0,8.885855993000296,0.6931471805599453,3,1,3,4,2,39.0,1.0986122886681098,1,1
20,1,6,4,0,8.209852481301272,0.6931471805599453,3,1,3,3,1,37.0,1.3862943611198906,1,1
21,2,12,4,0,8.047189562170502,0.6931471805599453,2,1,3,3,1,49.0,1.0986122886681098,1,1
22,2,36,2,5,7.776954403322442,0.6931471805599453,2,4,3,1,4,33.0,0.6931471805599453,1,0
23,2,12,4,4,7.261927092702751,0.6931471805599453,4,4,3,3,2,26.0,0.6931471805599453,1,1
24,1,6,4,0,8.458928283284262,1.791759469228055,2,1,3,3,1,44.0,1.0986122886681098,1,1
25,2,11,3,3,8.470520783217808,0.6931471805599453,4,2,3,4,2,51.0,0.6931471805599453,1,1
26,1,12,2,2,6.481577129276431,0.6931471805599453,5,4,2,4,2,24.0,0.6931471805599453,1,1
27,2,9,4,3,7.051855622955894,0.6931471805599453,5,2,3,4,1,37.0,1.3862943611198906,1,1
28,4,15,2,0,8.176672771948455,1.791759469228055,3,3,3,2,4,29.0,0.6931471805599453,1,1
29,3,42,4,1,8.475746001502063,0.6931471805599453,5,4,3,4,4,56.0,0.6931471805599453,1,1
30,3,30,4,3,8.012349639327795,0.6931471805599453,5,4,3,4,2,47.0,0.6931471805599453,1,1
31,4,36,4,0,8.170751423757535,0.6931471805599453,4,4,3,4,3,37.0,1.0986122886681098,2,1
32,4,36,4,0,8.797095076549056,0.6931471805599453,5,4,3,4,3,34.0,1.0986122886681098,2,1
33,4,24,2,3,7.227662498728654,1.3862943611198906,4,4,2,1,3,28.0,0.6931471805599453,1,1
34,1,15,2,0,7.451241684987676,0.6931471805599453,2,2,3,3,1,36.0,0.6931471805599453,1,1
35,1,6,4,0,6.7580945044277305,0.6931471805599453,5,1,2,4,4,39.0,1.0986122886681098,2,1
36,4,12,4,0,7.310550158534422,0.6931471805599453,5,4,3,1,1,38.0,1.0986122886681098,1,1
37,4,12,4,3,7.5678626054638825,0.6931471805599453,5,2,3,2,4,26.0,1.0986122886681098,1,1
38,4,18,2,1,8.12533508671429,1.791759469228055,3,2,3,1,2,31.0,0.6931471805599453,2,1
39,4,24,4,1,8.260751354700513,0.6931471805599453,5,4,2,2,3,41.0,1.0986122886681098,2,1
40,4,12,4,5,6.904750769961838,1.791759469228055,4,4,2,4,1,23.0,1.0986122886681098,1,1
41,1,24,2,6,7.470793774195062,0.6931471805599453,5,4,2,4,1,58.0,0.6931471805599453,2,1
42,4,18,4,0,6.9363427358340495,0.6931471805599453,3,4,2,3,1,36.0,1.0986122886681098,1,1
43,2,24,4,6,7.946617563244473,1.791759469228055,4,4,3,3,4,34.0,1.0986122886681098,2,1
44,2,18,2,6,7.122866658599083,1.791759469228055,3,4,3,4,4,61.0,0.6931471805599453,1,1
45,1,18,2,0,7.104144092987527,0.6931471805599453,2,4,2,3,3,23.0,0.6931471805599453,2,0
46,4,24,2,6,7.138073034044347,0.6931471805599453,4,4,3,1,1,25.0,0.6931471805599453,2,1
47,4,18,4,6,7.5310163320779155,1.0986122886681098,3,4,2,2,1,30.0,1.0986122886681098,1,0
48,4,24,2,0,7.29641326877392,1.0986122886681098,2,4,4,3,1,33.0,0.6931471805599453,2,1
49,1,24,4,6,7.232010331664759,1.0986122886681098,4,4,3,1,1,26.0,1.0986122886681098,2,1
50,4,12,2,0,6.46302945692067,0.6931471805599453,3,4,1,2,1,49.0,0.6931471805599453,1,1
51,3,36,2,3,8.273846932784508,0.6931471805599453,3,2,3,2,1,23.0,0.6931471805599453,2,1
52,4,9,4,0,7.110696122978827,0.6931471805599453,3,3,3,1,1,30.0,1.0986122886681098,1,1
53,4,12,4,3,7.754481547470383,1.791759469228055,5,1,3,4,1,49.0,0.6931471805599453,2,1
54,4,24,2,1,8.750524669117937,1.791759469228055,5,3,3,4,3,41.0,0.6931471805599453,2,1
55,1,12,4,3,5.955837369464831,0.6931471805599453,4,4,2,3,1,58.0,1.5040773967762742,2,1
56,4,12,4,3,7.412160334945205,0.6931471805599453,5,2,3,4,1,63.0,1.0986122886681098,2,1
57,1,15,2,3,6.960347729101308,0.6931471805599453,2,4,4,2,1,27.0,0.6931471805599453,1,1
58,4,21,2,3,8.058643712215618,1.791759469228055,5,4,3,3,2,41.0,0.6931471805599453,2,1
59,4,36,2,0,8.03268487596762,1.791759469228055,3,4,3,4,1,36.0,0.6931471805599453,1,1
60,4,12,4,0,7.059617628291383,1.3862943611198906,3,4,3,4,1,44.0,0.6931471805599453,2,1
61,4,24,2,1,7.893572073504902,0.6931471805599453,2,4,2,1,4,29.0,0.6931471805599453,2,1
62,4,42,4,3,8.182838710766026,1.791759469228055,5,4,3,1,1,47.0,0.6931471805599453,2,1
63,4,36,3,0,8.972511390650263,0.6931471805599453,5,2,3,2,3,45.0,1.0986122886681098,2,1
64,1,12,3,0,7.20414929203594,0.6931471805599453,3,4,3,2,1,43.0,1.0986122886681098,1,1
65,4,6,4,3,7.121252453244542,1.0986122886681098,3,1,2,1,2,27.0,1.0986122886681098,1,1
66,4,12,2,3,8.032035314398824,0.6931471805599453,3,2,3,4,3,52.0,0.6931471805599453,2,1
67,4,24,2,3,7.734121303328305,0.6931471805599453,4,4,3,2,3,28.0,0.6931471805599453,2,1
68,2,12,2,3,7.357556200910353,0.6931471805599453,3,1,2,1,3,22.0,0.6931471805599453,2,1
69,4,24,3,0,7.617267813628347,0.6931471805599453,5,4,3,4,4,60.0,1.0986122886681098,2,1
70,2,21,4,2,7.917900586327916,1.6094379124341003,4,3,3,2,3,32.0,1.0986122886681098,2,1
71,4,30,2,3,7.532623618788788,1.791759469228055,5,4,3,4,3,58.0,0.6931471805599453,2,1
72,4,36,2,3,7.7406644019172415,1.3862943611198906,5,4,3,4,3,39.0,0.6931471805599453,1,1
73,4,24,2,2,6.835184586147301,1.791759469228055,4,4,3,2,3,31.0,0.6931471805599453,2,1
74,3,12,2,3,8.131530710604252,1.791759469228055,5,2,3,3,3,37.0,0.6931471805599453,1,1
75,2,9,2,2,7.616283561580385,1.791759469228055,4,2,3,1,3,24.0,0.6931471805599453,2,1
76,4,21,4,1,8.09437844497296,0.6931471805599453,5,1,3,4,3,36.0,0.6931471805599453,2,1
77,4,24,4,0,7.57095858316901,1.6094379124341003,5,4,3,4,1,60.0,0.6931471805599453,2,1
78,1,21,4,0,7.3796321526095525,0.6931471805599453,5,4,4,3,3,30.0,1.0986122886681098,2,1
79,4,15,2,3,7.590852123688581,1.791759469228055,5,4,3,2,3,35.0,0.6931471805599453,1,1
80,4,24,4,0,7.612336837167746,0.6931471805599453,3,4,2,4,3,37.0,0.6931471805599453,2,1
81,4,36,4,3,8.114623886420098,1.791759469228055,5,4,3,2,3,51.0,0.6931471805599453,2,1
82,2,18,2,0,8.67709870892586,1.0986122886681098,3,2,3,2,3,30.0,1.0986122886681098,2,1
83,3,15,4,1,7.766840537085513,1.3862943611198906,3,2,3,2,3,36.0,0.6931471805599453,2,1
84,4,15,4,2,7.327123292259293,1.791759469228055,5,4,3,4,2,63.0,0.6931471805599453,1,1
85,1,12,2,0,8.20303024171486,1.6094379124341003,3,1,3,3,2,31.0,0.6931471805599453,1,1
86,4,24,4,1,7.760893195851024,0.6931471805599453,4,4,3,3,3,35.0,1.0986122886681098,2,1
87,4,36,3,3,8.40178233990491,0.6931471805599453,3,4,2,4,1,34.0,1.0986122886681098,1,1
88,1,6,4,0,6.502790045915623,1.6094379124341003,4,3,2,4,1,39.0,1.0986122886681098,2,1
89,2,24,3,0,7.583756300707112,1.791759469228055,3,4,2,4,3,42.0,1.0986122886681098,2,1
90,2,12,4,0,7.59890045687141,1.0986122886681098,2,4,3,1,3,27.0,0.6931471805599453,1,1
91,2,30,2,3,8.003697339094368,1.791759469228055,5,2,2,4,3,25.0,0.6931471805599453,1,1
92,2,30,0,6,8.348064228408266,0.6931471805599453,3,2,2,1,3,28.0,1.0986122886681098,1,1
93,1,9,2,3,7.21890970761906,0.6931471805599453,4,3,3,4,1,59.0,0.6931471805599453,1,1
94,2,18,4,2,8.758098072309089,0.6931471805599453,5,2,3,1,4,41.0,0.6931471805599453,2,1
95,4,27,4,2,8.417814747435958,1.6094379124341003,2,4,3,2,1,32.0,1.0986122886681098,2,1
96,2,12,4,3,8.181440695719374,0.6931471805599453,3,1,2,1,1,23.0,0.6931471805599453,1,1
97,2,36,3,6,8.40200678160712,0.6931471805599453,3,2,1,2,1,30.0,1.0986122886681098,2,0
98,1,9,2,2,7.667158255319148,0.6931471805599453,3,3,3,2,1,25.0,0.6931471805599453,1,1
99,2,42,4,6,8.691986481789401,0.6931471805599453,4,2,2,1,1,41.0,1.0986122886681098,1,1
100,4,24,4,2,8.236950048061455,1.6094379124341003,3,4,3,4,1,40.0,0.6931471805599453,2,1
101,1,15,2,6,6.693323668269949,0.6931471805599453,3,4,2,4,2,22.0,0.6931471805599453,1,1
102,2,24,3,6,8.45807992692373,1.791759469228055,3,4,3,2,2,34.0,1.0986122886681098,2,1
103,2,36,3,0,8.913684824725294,0.6931471805599453,3,2,2,2,2,54.0,0.6931471805599453,1,1
104,4,24,4,3,7.524021415206125,0.6931471805599453,4,4,4,2,3,33.0,1.0986122886681098,2,1
105,4,24,2,0,7.2399325913204695,0.6931471805599453,3,2,3,2,1,31.0,0.6931471805599453,2,1
106,4,12,4,6,7.253470382684528,0.6931471805599453,3,4,2,2,1,29.0,1.0986122886681098,2,1
107,4,18,2,3,7.295735072749282,0.6931471805599453,2,3,4,4,1,39.0,0.6931471805599453,2,1
108,4,24,2,3,7.335633981927201,0.6931471805599453,2,4,2,3,3,38.0,0.6931471805599453,2,1
109,4,12,4,6,7.607381425639791,1.791759469228055,4,4,2,2,3,61.0,0.6931471805599453,1,1
110,1,15,2,0,8.283999304248526,0.6931471805599453,3,3,2,2,2,29.0,0.6931471805599453,2,0
111,1,6,2,2,6.061456918928017,0.6931471805599453,5,2,2,1,2,49.0,0.6931471805599453,2,1
112,2,12,4,0,7.769378609513984,1.3862943611198906,4,3,1,3,3,36.0,0.6931471805599453,2,1
113,4,12,2,2,6.638567789166521,0.6931471805599453,3,4,2,1,1,26.0,0.6931471805599453,2,1
114,2,21,2,2,8.28828304520769,1.791759469228055,4,2,3,3,3,35.0,0.6931471805599453,2,1
115,2,18,2,0,8.74209519574531,0.6931471805599453,4,3,3,3,1,28.0,0.6931471805599453,1,1
116,2,9,4,2,7.560080465021827,0.6931471805599453,4,4,3,3,3,35.0,0.6931471805599453,2,1
117,4,24,2,1,7.86480400332846,1.6094379124341003,3,2,2,4,3,28.0,0.6931471805599453,2,1
118,4,9,4,6,6.842683282238422,1.3862943611198906,5,4,3,2,3,52.0,1.0986122886681098,2,1
119,4,24,2,2,8.027150106832774,1.3862943611198906,5,4,3,3,4,32.0,0.6931471805599453,2,1
120,2,36,2,3,8.475537516147405,0.6931471805599453,2,4,2,1,4,30.0,0.6931471805599453,2,1
121,4,36,4,1,8.672999642554437,0.6931471805599453,5,2,3,2,2,35.0,1.0986122886681098,2,1
122,2,6,2,3,7.6324011266014535,0.6931471805599453,2,4,4,3,3,30.0,0.6931471805599453,2,1
123,4,15,4,3,7.286191714702382,0.6931471805599453,3,4,2,2,3,43.0,0.6931471805599453,1,1
124,4,15,2,3,7.101675971619444,1.3862943611198906,5,4,3,3,2,47.0,0.6931471805599453,2,1
125,4,24,4,3,8.537779825024625,0.6931471805599453,2,3,4,3,4,47.0,1.3862943611198906,2,1
126,4,15,2,4,6.774223886357614,1.791759469228055,2,4,2,1,1,24.0,0.6931471805599453,1,1
127,4,6,2,2,7.999342952713282,1.3862943611198906,3,1,3,2,3,32.0,0.6931471805599453,2,1
128,4,18,2,0,7.507141079727608,0.6931471805599453,3,2,4,2,2,30.0,0.6931471805599453,2,1
129,4,24,4,3,7.96311205897929,1.0986122886681098,5,3,3,4,1,36.0,0.6931471805599453,2,1
130,3,24,2,2,7.563200592358071,0.6931471805599453,3,2,3,2,1,26.0,0.6931471805599453,1,1
131,4,18,2,2,7.830425617820331,0.6931471805599453,3,3,3,4,1,43.0,0.6931471805599453,2,1
132,3,6,2,2,7.6577552711348655,0.6931471805599453,3,2,3,2,1,41.0,0.6931471805599453,2,1
133,4,18,2,3,7.282073658093465,0.6931471805599453,2,3,2,1,1,26.0,0.6931471805599453,1,1
134,4,10,2,0,7.21890970761906,0.6931471805599453,3,2,2,4,3,64.0,0.6931471805599453,2,1
135,4,6,2,2,7.342131730584722,1.6094379124341003,3,4,1,2,1,33.0,0.6931471805599453,1,1
136,2,12,2,0,7.1846291527173145,1.6094379124341003,5,4,3,4,1,54.0,0.6931471805599453,2,1
137,1,24,1,0,7.75190533307861,1.0986122886681098,4,2,3,3,3,32.0,0.6931471805599453,1,1
138,2,6,4,6,6.838405200847344,1.791759469228055,4,1,2,3,2,39.0,1.0986122886681098,1,1
139,3,24,4,3,8.054840221101024,1.791759469228055,3,3,3,2,3,31.0,1.0986122886681098,2,1
140,4,36,2,3,8.252185436003328,1.791759469228055,5,2,2,4,1,45.0,0.6931471805599453,2,1
141,4,9,2,6,8.251403065380556,1.791759469228055,5,1,3,4,1,64.0,0.6931471805599453,1,1
142,2,24,2,3,8.53405030848266,1.791759469228055,5,2,2,4,3,42.0,0.6931471805599453,2,1
143,4,9,4,2,7.786136437783072,0.6931471805599453,1,2,3,3,3,31.0,0.6931471805599453,1,1
144,4,36,2,3,7.781138509845015,1.791759469228055,3,4,2,4,3,25.0,0.6931471805599453,1,1
145,4,21,2,1,7.814803429489359,1.791759469228055,5,4,3,4,1,46.0,0.6931471805599453,2,1
146,1,24,2,1,7.994632311431825,1.791759469228055,5,4,3,4,4,49.0,0.6931471805599453,2,1
147,1,12,2,2,7.141245122350491,1.791759469228055,5,2,1,4,2,49.0,0.6931471805599453,2,1
148,4,12,2,6,7.341483852363161,0.6931471805599453,4,2,3,4,3,36.0,0.6931471805599453,2,1
149,2,24,4,3,7.463936604468925,0.6931471805599453,5,4,3,2,2,48.0,1.0986122886681098,1,1
150,3,12,1,3,6.016157159698354,1.6094379124341003,3,3,2,3,1,42.0,1.0986122886681098,1,1
151,4,12,2,3,7.683403681053826,0.6931471805599453,2,2,2,2,3,29.0,0.6931471805599453,1,1
152,4,42,4,1,8.972511390650263,1.791759469228055,4,2,3,1,4,35.0,1.0986122886681098,2,1
153,2,24,2,0,8.164225652265827,1.0986122886681098,4,2,3,3,3,38.0,1.0986122886681098,2,1
154,2,12,2,3,7.055312843339752,1.3862943611198906,3,3,1,1,3,26.0,0.6931471805599453,2,1
155,4,24,4,3,7.895436006942965,0.6931471805599453,3,4,3,2,1,35.0,1.0986122886681098,1,1
156,1,12,2,3,7.312553498102598,0.6931471805599453,3,4,2,1,3,23.0,0.6931471805599453,1,1
157,4,30,4,3,8.691986481789401,0.6931471805599453,4,3,3,2,3,38.0,0.6931471805599453,1,1
158,2,42,1,6,8.766705997750515,0.6931471805599453,5,4,2,3,4,59.0,0.6931471805599453,1,0
159,2,12,4,2,8.193676665955241,0.6931471805599453,5,1,3,4,3,28.0,1.3862943611198906,2,1
160,4,12,4,3,7.163946684342547,0.6931471805599453,3,4,2,2,2,35.0,1.0986122886681098,1,1
161,3,24,4,6,7.151485463904735,1.6094379124341003,3,2,1,4,1,36.0,1.0986122886681098,2,1
162,4,24,2,2,8.287276755814599,0.6931471805599453,4,2,2,4,2,25.0,0.6931471805599453,2,1
163,4,15,4,2,8.114922974204593,0.6931471805599453,3,4,3,2,4,28.0,0.6931471805599453,2,1
164,3,15,2,6,5.973809611869261,0.6931471805599453,2,4,2,4,2,23.0,0.6931471805599453,2,1
165,4,9,4,0,7.666221925662725,0.6931471805599453,3,4,3,4,3,48.0,1.3862943611198906,2,1
166,4,30,4,3,8.660773919893762,0.6931471805599453,4,4,2,2,3,25.0,1.0986122886681098,1,1
167,4,24,4,6,8.417814747435958,0.6931471805599453,3,3,3,2,1,64.5,0.6931471805599453,2,1
168,4,15,4,2,7.933438387627489,0.6931471805599453,4,2,2,3,3,24.0,1.0986122886681098,1,1
169,4,6,4,3,7.232010331664759,0.6931471805599453,3,1,2,1,3,28.0,1.0986122886681098,2,1
170,3,36,2,3,8.674025985443025,0.6931471805599453,3,4,3,1,3,24.0,0.6931471805599453,1,1
171,1,12,2,0,7.113956109566034,0.6931471805599453,3,4,2,2,1,24.0,0.6931471805599453,1,0
172,3,12,2,3,7.168579897264035,0.6931471805599453,3,3,4,4,1,23.0,0.6931471805599453,1,1
173,4,24,2,3,7.347943823148687,0.6931471805599453,4,3,3,1,3,32.0,0.6931471805599453,1,1
174,4,12,2,3,7.582738488914411,0.6931471805599453,4,4,3,2,3,31.0,1.0986122886681098,2,1
175,4,24,2,3,8.082093278178382,1.3862943611198906,5,3,1,2,3,36.0,0.6931471805599453,2,1
176,4,24,4,6,8.32845106681936,1.0986122886681098,3,3,3,3,2,27.0,1.0986122886681098,2,1
177,2,12,4,1,7.498315870766981,1.0986122886681098,2,3,3,4,2,44.0,0.6931471805599453,1,1
178,4,18,2,6,7.576097340623111,0.6931471805599453,4,4,3,1,3,34.0,1.0986122886681098,2,1
179,4,42,3,3,8.972511390650263,1.3862943611198906,4,4,3,1,3,37.0,0.6931471805599453,2,1
180,4,9,2,4,7.1204443723924875,0.6931471805599453,2,1,2,4,1,23.0,0.6931471805599453,2,1
181,4,18,4,0,6.962243464266207,0.6931471805599453,2,4,2,1,2,30.0,1.0986122886681098,1,1
182,1,30,0,6,8.972511390650263,1.791759469228055,2,2,3,3,3,25.0,1.3862943611198906,1,1
183,4,30,4,3,7.94873845481361,0.6931471805599453,3,4,2,2,3,33.0,0.6931471805599453,2,1
184,4,9,2,6,7.27931883541462,0.6931471805599453,4,3,2,2,3,27.0,1.0986122886681098,1,1
185,4,36,2,6,8.655737000864297,1.0986122886681098,4,2,3,2,3,31.0,1.0986122886681098,2,1
186,4,12,2,0,7.779466967458324,1.791759469228055,5,4,3,3,3,50.0,0.6931471805599453,2,1
187,4,24,2,3,8.14060704285845,1.3862943611198906,5,3,3,2,3,31.0,0.6931471805599453,2,1
188,2,36,2,6,7.729295674310482,0.6931471805599453,4,3,3,1,3,32.0,1.0986122886681098,1,1
189,3,21,2,0,7.980707820869669,1.0986122886681098,3,1,2,1,3,28.0,0.6931471805599453,2,1
190,4,24,2,3,7.550661243105336,1.0986122886681098,3,4,3,4,3,29.0,0.6931471805599453,2,1
191,2,36,2,6,8.21932609390609,1.791759469228055,3,2,4,2,3,27.0,0.6931471805599453,1,1
192,2,42,2,0,8.972511390650263,1.791759469228055,4,1,2,2,3,24.0,0.6931471805599453,1,1
193,4,24,2,0,7.721348612617949,1.791759469228055,2,4,3,1,2,54.0,0.6931471805599453,1,1
194,4,12,2,3,7.141245122350491,0.6931471805599453,3,3,3,2,3,25.0,0.6931471805599453,1,1
195,4,33,4,1,8.889308319842847,0.6931471805599453,4,3,3,2,3,35.0,1.0986122886681098,2,1
196,4,6,4,0,8.819073983267831,0.6931471805599453,4,1,3,3,4,45.0,1.0986122886681098,2,1
197,4,18,4,2,7.505492274737424,0.6931471805599453,3,4,2,2,4,28.0,1.0986122886681098,1,1
198,4,12,2,3,7.669495251007694,1.0986122886681098,4,3,3,1,4,35.0,0.6931471805599453,1,1
199,4,42,1,6,8.191463051326927,0.6931471805599453,3,1,2,1,1,27.0,0.6931471805599453,1,1
200,4,30,2,3,7.755338812846501,1.3862943611198906,5,4,3,2,3,30.0,0.6931471805599453,1,1
201,4,28,1,1,8.965079015408355,1.791759469228055,2,3,3,4,1,40.0,1.0986122886681098,2,1
202,3,18,1,3,7.27655640271871,1.791759469228055,4,4,3,4,3,49.0,0.6931471805599453,1,1
203,1,24,2,2,8.951828676824181,1.791759469228055,2,1,2,2,2,30.0,0.6931471805599453,2,1
204,1,21,2,0,8.23323750070527,1.791759469228055,4,2,3,2,1,24.0,0.6931471805599453,1,1
205,2,18,2,6,8.39840965542627,0.6931471805599453,5,1,3,1,1,33.0,0.6931471805599453,2,1
206,1,12,2,3,7.010311867307229,0.6931471805599453,3,2,3,2,1,20.0,0.6931471805599453,2,1
207,2,15,2,3,7.275864600546533,1.791759469228055,2,4,3,1,2,23.0,0.6931471805599453,1,1
208,2,42,1,0,8.972511390650263,1.791759469228055,1,4,3,4,4,36.0,0.6931471805599453,2,1
209,4,9,2,3,7.9208096792886,1.0986122886681098,5,3,3,4,3,35.0,0.6931471805599453,2,1
210,3,4,2,0,7.3098814858247865,1.791759469228055,2,1,3,2,1,29.0,0.6931471805599453,1,1
211,1,24,1,2,7.947678571301568,1.3862943611198906,3,4,3,4,1,22.0,0.6931471805599453,2,1
212,1,24,1,2,7.81762544305337,1.3862943611198906,3,4,3,4,1,22.0,0.6931471805599453,2,1
213,3,6,4,0,7.170119543449628,0.6931471805599453,3,1,3,1,1,64.5,1.3862943611198906,1,1
214,2,9,2,0,7.346010209913293,1.791759469228055,2,4,3,2,1,35.0,0.6931471805599453,1,1
215,3,10,2,0,8.281470857895167,0.6931471805599453,2,1,3,1,2,37.0,0.6931471805599453,1,1
216,4,10,2,1,7.973155433444133,1.791759469228055,2,1,2,4,1,31.0,0.6931471805599453,1,1
217,3,6,2,0,6.565264970035361,1.6094379124341003,2,2,4,2,1,27.0,0.6931471805599453,1,1
218,1,42,2,0,8.972511390650263,0.6931471805599453,2,1,2,1,1,35.0,0.6931471805599453,2,1
219,4,10,2,0,7.160845906664299,1.791759469228055,5,4,3,2,2,45.0,0.6931471805599453,1,1
220,1,18,1,3,7.57095858316901,0.6931471805599453,2,3,3,4,4,36.0,0.6931471805599453,2,1
221,3,30,4,3,8.204398418149381,1.791759469228055,5,4,3,4,2,49.0,1.0986122886681098,1,1
222,4,24,3,1,8.451053388911692,0.6931471805599453,4,3,3,3,3,35.0,1.0986122886681098,2,1
223,4,27,3,1,8.972511390650263,1.6094379124341003,3,2,3,2,3,27.0,1.0986122886681098,1,1
224,1,18,2,2,7.886081401775745,1.6094379124341003,3,4,3,2,3,28.0,0.6931471805599453,1,1
225,4,24,4,3,7.324489979348532,1.6094379124341003,3,4,2,1,1,43.0,1.0986122886681098,1,1
226,1,18,2,0,8.385032287813898,1.0986122886681098,3,3,3,4,3,35.0,0.6931471805599453,2,1
227,4,14,3,0,6.688354713946762,0.6931471805599453,3,4,3,2,3,27.0,1.0986122886681098,1,1
228,4,21,2,6,7.360739903058278,1.6094379124341003,5,4,2,4,1,36.0,0.6931471805599453,1,1
229,2,42,1,6,8.17948018535889,1.0986122886681098,4,4,3,2,3,30.0,0.6931471805599453,1,1
230,4,24,2,3,7.153833801578843,0.6931471805599453,5,4,3,1,1,36.0,0.6931471805599453,2,1
231,4,6,0,3,6.056784013228625,0.6931471805599453,5,4,4,4,3,39.0,0.6931471805599453,1,1
232,4,39,2,1,8.972511390650263,1.0986122886681098,5,4,3,2,3,45.0,0.6931471805599453,2,1
233,1,30,2,1,8.257904193465674,0.6931471805599453,3,4,1,4,2,40.0,0.6931471805599453,2,1
234,2,12,2,0,6.530877627725885,0.6931471805599453,4,2,4,3,3,25.0,0.6931471805599453,1,0
235,1,24,2,3,7.38025578842646,0.6931471805599453,5,4,2,4,3,55.0,0.6931471805599453,1,1
236,4,21,2,2,7.715123603632105,0.6931471805599453,5,4,3,2,1,50.0,1.0986122886681098,1,1
237,1,24,2,3,7.776954403322442,0.6931471805599453,5,4,3,4,1,64.0,0.6931471805599453,1,1
238,4,4,2,2,6.400257445308821,0.6931471805599453,2,1,2,3,1,23.0,0.6931471805599453,1,1
239,4,39,2,1,7.851661177889265,1.3862943611198906,3,4,3,4,3,24.0,0.6931471805599453,1,1
240,4,15,4,3,7.183111701743281,1.3862943611198906,3,2,4,2,2,47.0,1.0986122886681098,1,1
241,4,42,2,0,8.972511390650263,0.6931471805599453,5,2,3,4,2,42.0,0.6931471805599453,2,1
242,4,18,2,6,7.358193752733032,1.0986122886681098,3,3,2,4,2,24.0,0.6931471805599453,1,1
243,4,18,4,3,6.4457198193855785,1.3862943611198906,5,4,3,3,2,32.0,1.0986122886681098,2,1
244,4,6,1,3,7.467942332285852,1.3862943611198906,5,2,3,4,2,45.0,0.6931471805599453,1,1
245,4,24,2,1,8.157370441186774,1.0986122886681098,4,3,2,4,3,23.0,0.6931471805599453,1,1
246,4,18,4,3,7.496097345175956,0.6931471805599453,3,4,3,2,3,24.0,1.0986122886681098,1,1
247,4,24,3,2,8.331345424845724,1.0986122886681098,3,2,3,3,2,35.0,1.0986122886681098,1,1
248,2,15,2,5,7.875499292445208,1.0986122886681098,3,3,2,2,1,25.0,0.6931471805599453,1,1
249,4,21,2,1,8.5657928612523,1.791759469228055,3,1,3,3,3,26.0,0.6931471805599453,1,1
250,2,18,3,0,7.9724660159745655,1.791759469228055,5,4,3,4,3,43.0,0.6931471805599453,1,1
251,2,18,3,5,8.733110697638708,0.6931471805599453,3,2,3,4,1,44.0,0.6931471805599453,2,1
252,4,12,2,3,6.690842277418564,0.6931471805599453,5,4,3,4,3,38.0,0.6931471805599453,1,1
253,4,36,2,3,8.18757739559151,0.6931471805599453,5,4,3,2,3,28.0,0.6931471805599453,1,1
254,4,36,4,1,8.65032450401942,1.6094379124341003,5,4,3,2,3,38.0,1.0986122886681098,2,1
255,3,15,2,6,7.89655270164304,0.6931471805599453,4,2,3,4,2,26.0,0.6931471805599453,2,1
256,1,15,3,2,8.200837258379849,0.6931471805599453,5,1,2,4,2,27.0,1.0986122886681098,1,1
257,4,10,4,2,7.671826797878781,0.6931471805599453,2,1,2,3,1,23.0,1.0986122886681098,1,1
258,1,10,2,3,7.7475968386928855,0.6931471805599453,5,3,3,4,1,52.0,0.6931471805599453,1,1
259,4,5,2,6,8.145839612936841,0.6931471805599453,4,1,3,4,1,64.5,0.6931471805599453,1,1
260,4,15,2,2,7.904334842085095,0.6931471805599453,2,2,3,3,2,27.0,1.0986122886681098,1,1
261,4,11,4,0,7.2399325913204695,0.6931471805599453,2,4,2,4,3,35.0,1.0986122886681098,1,1
262,3,10,2,2,7.151485463904735,0.6931471805599453,2,4,2,2,2,23.0,0.6931471805599453,1,1
263,4,9,2,2,7.1808311990445555,0.6931471805599453,5,1,3,4,3,20.0,0.6931471805599453,1,1
264,4,12,2,3,7.309212365692763,0.6931471805599453,2,4,2,3,3,34.0,0.6931471805599453,1,1
265,4,22,2,3,7.892078421248119,1.3862943611198906,5,3,3,4,3,40.0,0.6931471805599453,1,1
266,2,9,2,3,7.6586995582682995,0.6931471805599453,3,2,3,2,1,37.0,0.6931471805599453,1,1
267,4,36,2,0,6.813444599510896,1.3862943611198906,5,4,3,4,2,36.0,0.6931471805599453,1,1
268,4,12,4,2,7.138073034044347,0.6931471805599453,2,2,2,4,2,22.0,1.0986122886681098,1,1
269,4,15,1,3,7.358830898342354,1.0986122886681098,5,4,3,4,3,34.0,0.6931471805599453,1,1
270,4,6,2,1,7.1204443723924875,1.3862943611198906,3,2,3,4,2,50.0,0.6931471805599453,1,1
271,4,36,3,2,8.946244609330543,1.3862943611198906,4,2,2,4,3,40.0,1.0986122886681098,2,1
272,4,6,2,5,6.493753839851686,1.3862943611198906,4,2,4,4,1,23.0,0.6931471805599453,1,1
273,4,24,2,2,7.950149887652018,1.3862943611198906,5,3,3,4,2,53.0,0.6931471805599453,1,1
274,4,24,2,1,7.890208213109961,0.6931471805599453,5,4,3,4,3,35.0,0.6931471805599453,2,1
275,4,12,1,6,8.145549631783584,1.3862943611198906,3,4,2,3,1,35.0,0.6931471805599453,1,1
276,4,15,2,3,8.18004072349016,0.6931471805599453,5,4,2,2,3,54.0,0.6931471805599453,2,1
277,2,21,4,6,8.203304026795282,0.6931471805599453,4,2,3,3,2,27.0,1.0986122886681098,1,1
278,1,24,2,3,8.205491613120236,0.6931471805599453,3,2,2,4,3,28.0,0.6931471805599453,1,1
279,3,9,2,3,7.027314514039777,1.0986122886681098,5,2,1,4,1,49.0,0.6931471805599453,1,1
280,3,6,3,3,6.52795791762255,0.6931471805599453,2,2,2,1,2,29.0,0.6931471805599453,1,1
281,3,12,2,2,7.719573989259581,0.6931471805599453,3,1,2,2,3,46.0,0.6931471805599453,1,1
282,4,12,2,1,8.450198322591959,1.791759469228055,2,1,2,4,3,20.0,0.6931471805599453,1,1
283,2,21,3,0,7.763871287820222,0.6931471805599453,3,1,1,4,2,47.0,1.0986122886681098,1,1
284,1,21,2,3,8.119100837637486,1.6094379124341003,2,4,2,2,3,29.0,0.6931471805599453,1,1
285,4,6,2,0,6.511745329644728,0.6931471805599453,1,1,2,4,1,54.0,0.6931471805599453,2,1
286,1,6,4,3,5.82600010738045,1.3862943611198906,5,4,3,4,3,52.0,1.0986122886681098,1,1
287,4,9,2,3,7.900266036767701,0.6931471805599453,3,1,3,2,1,32.0,0.6931471805599453,1,1
288,4,9,2,0,7.827240901752812,1.3862943611198906,5,2,3,4,4,51.0,0.6931471805599453,1,1
289,4,15,3,3,7.2991214627108,0.6931471805599453,3,4,4,3,1,33.0,1.0986122886681098,1,1
290,4,12,4,6,8.179199798423086,1.791759469228055,2,2,3,1,2,37.0,1.0986122886681098,1,1
291,4,15,2,2,7.706162970199576,1.3862943611198906,3,2,2,4,3,20.0,0.6931471805599453,1,1
292,4,6,4,3,7.549082710812286,1.791759469228055,3,1,3,2,1,34.0,1.0986122886681098,1,1
293,2,6,3,6,7.27931883541462,1.0986122886681098,5,1,1,2,3,31.0,1.0986122886681098,1,1
294,4,15,3,2,6.8679744089702925,1.6094379124341003,4,3,2,2,2,30.0,1.0986122886681098,1,1
295,4,36,2,1,8.972511390650263,0.6931471805599453,3,1,2,2,2,30.0,0.6931471805599453,1,1
296,4,9,2,2,7.741533589281828,1.0986122886681098,2,2,2,4,2,22.0,0.6931471805599453,1,1
297,4,6,3,6,7.463936604468925,1.0986122886681098,3,1,3,2,1,34.0,1.0986122886681098,1,1
298,2,12,2,2,6.891625897052253,1.6094379124341003,2,1,2,4,1,19.0,0.6931471805599453,1,1
299,4,18,3,3,7.749753406274437,0.6931471805599453,1,2,4,3,1,34.0,1.0986122886681098,1,1
300,1,12,1,6,5.8289456176102075,0.6931471805599453,5,4,4,1,3,45.0,0.6931471805599453,1,1
301,3,24,2,3,8.547334348328224,0.6931471805599453,4,4,3,2,3,25.0,0.6931471805599453,1,1
302,3,24,2,2,8.229511118964457,0.6931471805599453,2,2,2,4,3,26.0,0.6931471805599453,1,1
303,4,9,4,3,8.031060180240619,1.791759469228055,3,1,3,2,1,33.0,1.0986122886681098,1,1
304,3,9,2,3,6.61472560020376,0.6931471805599453,3,3,2,2,1,28.0,0.6931471805599453,1,0
305,4,24,2,0,7.293017679772782,1.0986122886681098,5,4,4,4,1,41.0,0.6931471805599453,1,1
306,1,6,2,2,7.226209010100671,0.6931471805599453,3,1,3,2,1,36.0,0.6931471805599453,2,1
307,4,6,1,0,6.664409020350408,1.791759469228055,3,1,3,2,1,26.0,0.6931471805599453,1,1
308,1,21,2,3,7.865955413933502,0.6931471805599453,2,4,2,4,2,28.0,0.6931471805599453,2,1
309,4,42,0,1,8.972511390650263,1.791759469228055,3,2,3,2,2,39.0,0.6931471805599453,1,1
310,4,12,4,3,6.836259277277067,1.791759469228055,5,4,3,4,1,64.5,1.5040773967762742,1,1
311,4,42,4,1,7.920083199053234,1.791759469228055,5,4,3,3,3,38.0,1.0986122886681098,2,1
312,4,6,4,0,5.5254529391317835,1.6094379124341003,3,2,2,2,1,41.0,1.0986122886681098,1,1
313,2,24,2,0,7.091742115095153,0.6931471805599453,2,4,3,1,2,26.0,0.6931471805599453,1,1
314,1,6,2,0,6.4967749901858625,0.6931471805599453,2,3,3,4,1,41.0,0.6931471805599453,2,1
315,4,15,2,1,7.170888478512505,1.791759469228055,5,4,3,4,4,45.0,0.6931471805599453,1,1
316,4,24,1,6,7.352441100243583,0.6931471805599453,4,4,3,4,3,40.0,0.6931471805599453,2,1
317,3,12,2,3,8.012018239159062,0.6931471805599453,3,3,4,1,3,24.0,0.6931471805599453,1,1
318,4,15,4,3,7.215975002651466,0.6931471805599453,3,4,3,2,2,31.0,1.0986122886681098,1,1
319,4,6,0,0,7.094234845924755,1.0986122886681098,3,4,3,1,4,35.0,0.6931471805599453,1,1
320,4,10,2,0,7.37650812632622,1.3862943611198906,3,3,3,2,4,40.0,0.6931471805599453,1,1
321,4,12,2,3,7.637234388789473,1.0986122886681098,3,4,2,2,1,28.0,0.6931471805599453,1,1
322,4,11,2,6,7.669961995473577,1.6094379124341003,5,1,1,2,1,28.0,0.6931471805599453,2,1
323,1,10,4,2,7.665284718471351,1.791759469228055,2,2,2,3,1,27.0,1.0986122886681098,1,1
324,4,10,2,0,7.344072850573066,0.6931471805599453,3,3,3,2,1,31.0,0.6931471805599453,1,1
325,4,24,4,0,7.160845906664299,1.6094379124341003,5,4,2,4,1,37.0,1.0986122886681098,2,1
326,4,10,2,0,7.257707677160043,1.0986122886681098,3,3,3,2,1,35.0,0.6931471805599453,1,1
327,3,6,4,0,7.203405521083095,0.6931471805599453,5,1,3,4,1,46.0,1.0986122886681098,1,1
328,4,18,2,0,7.887208585813932,1.791759469228055,4,4,3,3,2,32.0,0.6931471805599453,1,1
329,4,18,4,3,8.711278615130434,0.6931471805599453,5,3,3,4,3,33.0,1.0986122886681098,2,1
330,4,24,4,6,7.564238475170491,1.791759469228055,3,3,2,2,3,33.0,1.0986122886681098,2,1
331,4,18,4,3,7.785305182539862,0.6931471805599453,3,2,2,2,3,26.0,1.0986122886681098,1,1
332,4,6,4,3,7.349230824613334,0.6931471805599453,4,1,2,2,3,24.0,1.0986122886681098,2,1
333,4,22,2,0,7.157735484249907,1.791759469228055,4,4,2,4,2,25.0,0.6931471805599453,1,1
334,4,24,3,0,6.576469569048224,1.791759469228055,5,4,4,4,3,54.0,1.0986122886681098,2,1
335,1,24,2,2,7.466227556215481,0.6931471805599453,2,4,3,1,2,24.0,0.6931471805599453,1,1
336,1,9,4,5,7.161622002939187,1.0986122886681098,5,3,3,4,1,48.0,1.0986122886681098,1,1
337,1,10,4,0,6.946013991099227,0.6931471805599453,4,4,3,3,2,49.0,1.0986122886681098,2,1
338,4,10,2,1,7.954723334497908,1.0986122886681098,3,1,3,2,1,32.0,0.6931471805599453,1,1
339,4,12,2,1,7.254177846456518,1.6094379124341003,4,3,3,2,2,55.0,0.6931471805599453,1,1
340,4,30,4,3,8.032035314398824,1.791759469228055,5,3,3,2,3,40.0,1.0986122886681098,2,1
341,1,24,1,1,8.197814032221203,0.6931471805599453,3,1,2,4,3,22.0,0.6931471805599453,1,1
342,4,18,4,1,8.080237416216702,1.791759469228055,1,2,3,4,4,38.0,0.6931471805599453,2,1
343,4,9,2,0,8.182559264068665,1.0986122886681098,3,1,3,2,1,26.0,0.6931471805599453,1,1
344,4,12,4,0,6.52649485957079,1.0986122886681098,4,4,2,3,3,51.0,1.0986122886681098,2,1
345,4,10,2,3,7.562681246721884,0.6931471805599453,3,1,3,4,2,38.0,0.6931471805599453,2,1
346,4,10,2,6,6.590301048196686,1.3862943611198906,5,4,3,4,4,46.0,0.6931471805599453,2,1
347,3,10,4,0,6.661854740545311,0.6931471805599453,5,4,3,4,4,63.0,1.0986122886681098,2,1
348,1,12,4,0,7.660114319173928,0.6931471805599453,3,4,3,2,2,30.0,1.0986122886681098,1,1
349,4,12,4,6,6.553933404025811,0.6931471805599453,3,4,3,2,3,32.0,1.0986122886681098,1,1
350,4,10,4,2,7.635303886259415,1.791759469228055,3,2,4,1,3,26.0,1.0986122886681098,1,1
351,4,24,2,0,7.330405211844402,1.6094379124341003,4,4,2,3,3,34.0,0.6931471805599453,2,1
352,4,42,4,6,8.939843124278502,1.791759469228055,5,4,1,2,3,46.0,1.0986122886681098,1,1
353,1,12,4,0,8.160518247477505,0.6931471805599453,3,3,2,2,1,29.0,1.0986122886681098,1,0
354,4,6,2,3,7.205635176410364,1.0986122886681098,5,2,3,4,4,42.0,0.6931471805599453,2,1
355,4,36,4,1,8.972511390650263,1.791759469228055,5,2,3,4,4,42.0,1.0986122886681098,1,1
356,1,24,2,1,7.981049759665957,0.6931471805599453,3,3,3,4,4,63.0,0.6931471805599453,2,1
357,4,10,4,0,7.116394144093465,0.6931471805599453,5,3,3,4,1,32.0,1.0986122886681098,1,1
358,3,18,2,0,7.581719640125308,0.6931471805599453,5,3,2,2,3,23.0,0.6931471805599453,1,1
359,4,15,4,0,8.526351129201004,1.791759469228055,5,1,2,4,3,59.0,0.6931471805599453,2,1
360,4,12,4,0,7.135687347028144,0.6931471805599453,5,4,3,4,1,61.0,1.0986122886681098,1,1
361,1,12,2,2,7.527793987721444,0.6931471805599453,2,4,2,1,3,22.0,0.6931471805599453,1,1
362,4,6,4,2,7.108244139731541,1.791759469228055,3,1,4,2,2,27.0,1.0986122886681098,1,1
363,4,9,2,2,7.236339342754344,0.6931471805599453,3,4,2,2,1,26.0,0.6931471805599453,1,1
364,4,12,2,3,7.731930721948486,1.791759469228055,3,4,3,4,4,37.0,0.6931471805599453,2,1
365,4,12,0,2,7.9229859587111955,0.6931471805599453,5,2,3,4,2,34.0,1.0986122886681098,1,1
366,3,24,2,3,7.138073034044347,1.3862943611198906,3,3,2,3,3,57.0,0.6931471805599453,1,1
367,2,12,0,6,7.252053951852814,0.6931471805599453,3,2,3,2,1,31.0,0.6931471805599453,2,1
368,1,15,2,0,7.247080584585756,0.6931471805599453,3,2,2,4,3,28.0,0.6931471805599453,1,1
369,1,24,2,2,8.013674142832684,0.6931471805599453,3,2,1,2,1,24.0,0.6931471805599453,1,1
370,1,24,2,6,8.790116892892472,0.6931471805599453,3,2,4,2,3,21.0,0.6931471805599453,1,1
371,4,24,4,3,7.8551570058813445,1.6094379124341003,5,2,3,2,3,34.0,0.6931471805599453,1,1
372,2,24,4,1,8.95660873889395,1.6094379124341003,5,2,2,4,4,29.0,0.6931471805599453,1,1
373,1,6,2,4,5.840641657373398,0.6931471805599453,2,4,2,1,1,27.0,0.6931471805599453,1,1
374,4,21,3,2,7.3727463664043285,1.0986122886681098,4,4,3,3,1,34.0,1.0986122886681098,1,1
375,1,27,2,3,8.136518252115291,0.6931471805599453,3,3,3,2,3,27.0,0.6931471805599453,1,1
376,1,12,0,5,7.011213987350367,0.6931471805599453,4,4,3,3,1,28.0,1.0986122886681098,1,0
377,2,27,3,1,8.693831965074693,0.6931471805599453,5,1,3,2,3,30.0,1.0986122886681098,2,1
378,2,15,2,5,7.323170717943469,1.0986122886681098,3,4,3,2,1,22.0,0.6931471805599453,1,1
379,4,30,4,3,8.816260208734581,1.791759469228055,4,2,3,3,2,36.0,1.0986122886681098,1,1
380,1,18,2,2,8.202756381655638,0.6931471805599453,2,1,2,4,3,22.0,0.6931471805599453,1,1
381,1,21,2,2,8.1886891244442,0.6931471805599453,4,1,2,4,3,26.0,0.6931471805599453,1,1
382,4,42,4,0,8.972511390650263,1.791759469228055,5,2,3,4,4,63.0,0.6931471805599453,2,1
383,2,9,2,0,5.6240175061873385,0.6931471805599453,3,4,4,4,1,22.0,0.6931471805599453,1,1
384,4,42,4,2,8.304494897963567,1.3862943611198906,3,4,3,4,1,36.0,1.0986122886681098,2,1
385,2,9,2,3,6.129050210060545,0.6931471805599453,3,4,3,3,1,24.0,0.6931471805599453,1,1
386,2,9,2,2,6.823286122355687,0.6931471805599453,3,4,2,1,2,30.0,0.6931471805599453,1,0
387,4,24,2,0,8.908424139496578,0.6931471805599453,3,1,3,4,2,43.0,0.6931471805599453,1,1
388,3,10,2,4,7.111512116496157,0.6931471805599453,3,2,3,2,3,37.0,0.6931471805599453,2,1
389,1,24,2,1,7.9420068084898565,1.791759469228055,5,2,2,4,1,26.0,0.6931471805599453,1,1
390,4,15,2,1,8.016317898503415,0.6931471805599453,4,2,3,2,3,33.0,0.6931471805599453,1,1
391,3,12,4,0,7.300472814267799,1.3862943611198906,1,2,3,4,4,64.5,1.3862943611198906,1,1
392,3,6,4,6,6.954638864880987,0.6931471805599453,3,2,2,4,2,50.0,0.6931471805599453,1,1
393,4,15,4,3,7.294377299288821,0.6931471805599453,3,4,3,4,4,35.0,1.0986122886681098,2,1
394,4,24,2,2,8.614682812693495,1.0986122886681098,3,4,3,1,3,25.0,0.6931471805599453,1,1
395,2,9,2,3,7.095893221097532,0.6931471805599453,5,4,2,4,1,25.0,0.6931471805599453,1,1
396,2,24,3,3,8.764678074116606,0.6931471805599453,2,1,3,2,3,33.0,0.6931471805599453,1,1
397,4,12,2,3,6.56244409369372,0.6931471805599453,3,4,3,2,1,30.0,1.0986122886681098,1,1
398,4,12,3,1,7.315883504509785,0.6931471805599453,3,4,4,4,1,41.0,0.6931471805599453,1,1
399,2,12,2,0,8.712595487748722,0.6931471805599453,4,2,3,2,3,32.0,0.6931471805599453,1,1
400,2,27,2,6,7.835579246669965,0.6931471805599453,2,4,2,1,2,32.0,0.6931471805599453,2,1
401,2,12,2,6,6.945051063725834,1.0986122886681098,4,3,3,4,1,39.0,0.6931471805599453,1,1
402,1,6,2,1,7.210079628170788,1.3862943611198906,1,1,2,2,2,23.0,0.6931471805599453,2,1
403,4,24,2,3,8.065265208897733,0.6931471805599453,2,4,2,4,2,26.0,0.6931471805599453,2,1
404,4,18,2,3,8.432724034789787,0.6931471805599453,2,3,3,2,3,32.0,0.6931471805599453,2,1
405,2,42,2,6,8.590815331286851,1.791759469228055,1,3,3,4,4,40.0,0.6931471805599453,2,1
406,4,15,2,1,8.446341450444287,0.6931471805599453,3,3,3,2,3,30.0,0.6931471805599453,2,1
407,2,9,2,6,7.238496840894365,0.6931471805599453,3,2,4,1,1,27.0,0.6931471805599453,2,1
408,2,18,2,6,7.5569505720129,1.6094379124341003,2,3,4,3,1,36.0,0.6931471805599453,2,1
409,4,42,2,3,8.877242435993919,1.791759469228055,4,2,4,4,2,29.0,0.6931471805599453,2,1
410,4,13,2,3,7.251344983372214,1.0986122886681098,1,2,2,4,1,64.0,0.6931471805599453,1,1
411,4,24,3,6,7.999342952713282,1.791759469228055,3,4,3,4,1,32.0,1.0986122886681098,2,1
412,4,12,4,3,6.884486652042782,1.791759469228055,5,4,3,4,3,35.0,1.0986122886681098,1,1
413,4,24,3,6,7.773173680482536,1.3862943611198906,3,4,3,2,3,44.0,1.0986122886681098,2,1
414,4,12,4,3,6.259581464064923,1.3862943611198906,5,4,3,4,2,42.0,1.0986122886681098,2,1
415,4,28,4,3,7.917171988845776,0.6931471805599453,5,4,3,2,3,29.0,1.0986122886681098,1,1
416,4,11,4,3,7.051855622955894,1.0986122886681098,1,4,2,4,1,57.0,1.3862943611198906,1,1
417,4,24,4,1,8.666474894131992,1.6094379124341003,3,4,3,2,1,27.0,1.0986122886681098,1,1
418,4,18,4,3,7.064759027791802,1.791759469228055,3,4,3,3,2,29.0,1.0986122886681098,2,1
419,1,15,4,2,7.2991214627108,0.6931471805599453,5,4,3,4,3,44.0,1.0986122886681098,2,1
420,4,12,2,3,6.655440350367647,0.6931471805599453,3,4,4,2,1,28.0,0.6931471805599453,1,1
421,2,11,4,0,7.187657164114956,1.6094379124341003,3,4,2,4,3,40.0,1.0986122886681098,1,1
422,2,16,4,0,7.069874128458572,0.6931471805599453,1,2,3,3,3,64.5,1.3862943611198906,2,1
423,4,12,2,0,7.665753431861699,1.791759469228055,5,4,2,4,4,52.0,0.6931471805599453,2,1
424,4,15,4,3,7.512071245835466,0.6931471805599453,5,4,3,4,3,46.0,1.0986122886681098,2,1
425,4,12,4,3,6.576469569048224,0.6931471805599453,5,4,3,4,1,52.0,1.3862943611198906,1,1
426,2,39,3,6,8.972511390650263,1.0986122886681098,4,2,3,3,4,32.0,0.6931471805599453,2,1
427,2,9,4,6,7.31455283232408,0.6931471805599453,5,2,2,3,3,34.0,1.0986122886681098,2,0
428,1,12,2,6,7.0909098220799835,1.791759469228055,3,4,2,4,2,23.0,0.6931471805599453,2,1
429,2,9,2,0,8.069655306886165,1.791759469228055,3,1,2,2,1,33.0,0.6931471805599453,1,1
430,4,30,4,3,8.418697944667139,0.6931471805599453,4,4,2,4,3,26.0,0.6931471805599453,2,1
431,4,12,3,5,7.349873704738337,1.6094379124341003,5,4,3,4,4,55.0,1.0986122886681098,1,0
432,2,15,4,6,7.752335163302292,1.3862943611198906,3,2,3,4,3,27.0,0.6931471805599453,1,1
433,2,18,4,6,7.543273346705446,1.791759469228055,3,4,4,4,1,28.0,1.0986122886681098,1,1
434,4,12,4,6,7.142827401161621,1.791759469228055,5,4,3,4,4,57.0,0.6931471805599453,1,1
435,4,7,3,3,6.741700694652055,1.791759469228055,5,3,3,4,4,36.0,0.6931471805599453,1,1
436,4,15,4,6,7.334981878871814,1.0986122886681098,3,4,2,3,3,31.0,0.6931471805599453,1,1
437,4,6,3,3,6.841615476477592,0.6931471805599453,3,3,2,2,1,24.0,0.6931471805599453,1,1
438,1,27,4,6,7.8009820712577405,0.6931471805599453,5,4,3,4,3,43.0,1.5040773967762742,2,1
439,2,18,4,6,8.186185994226083,0.6931471805599453,1,3,4,3,3,40.0,1.3862943611198906,2,1
440,4,21,4,2,7.735870319952567,0.6931471805599453,2,4,2,4,2,23.0,0.6931471805599453,2,1
441,4,27,3,6,8.540519016719735,0.6931471805599453,4,3,3,4,3,26.0,1.0986122886681098,1,1
442,1,39,4,2,8.972511390650263,1.791759469228055,4,4,3,4,2,30.0,1.0986122886681098,2,1
443,4,15,2,3,7.234898420314831,1.791759469228055,3,4,4,2,1,40.0,0.6931471805599453,2,1
444,4,12,4,3,6.428105272684596,0.6931471805599453,5,4,3,4,1,56.0,0.6931471805599453,1,1
445,4,12,2,2,7.362010551259734,0.6931471805599453,3,4,3,2,1,50.0,0.6931471805599453,1,1
446,4,6,4,3,6.55250788703459,1.791759469228055,5,4,3,4,4,36.0,1.0986122886681098,1,1
447,4,12,2,3,6.787844982309579,1.791759469228055,3,4,2,2,3,21.0,0.6931471805599453,1,1
448,4,36,2,1,8.452547997922705,0.6931471805599453,3,2,3,2,4,32.0,0.6931471805599453,2,1
449,2,9,2,3,6.673297967767654,1.3862943611198906,3,4,2,3,1,64.5,0.6931471805599453,1,1
450,2,12,2,3,6.642486801367256,1.3862943611198906,3,4,3,3,1,64.5,0.6931471805599453,1,0
451,1,20,2,2,7.70210434005105,1.791759469228055,4,4,3,4,3,39.0,0.6931471805599453,2,1
452,2,10,2,0,8.896861744480391,0.6931471805599453,1,2,3,4,4,64.5,0.6931471805599453,2,1
453,2,24,4,6,8.65591111072806,0.6931471805599453,2,2,2,4,4,24.0,1.0986122886681098,2,1
454,1,14,2,0,8.287528423111763,0.6931471805599453,1,1,3,4,4,22.0,0.6931471805599453,1,1
455,2,42,3,3,8.911799556189527,1.791759469228055,3,1,3,1,1,27.0,0.6931471805599453,1,1
456,2,20,3,6,7.874739125171811,0.6931471805599453,3,2,3,3,3,29.0,1.0986122886681098,2,1
457,2,18,2,6,7.571473648851271,1.6094379124341003,3,4,3,2,2,35.0,0.6931471805599453,2,1
458,2,24,3,2,7.755338812846501,1.791759469228055,2,4,3,2,2,29.0,0.6931471805599453,1,1
459,4,12,2,1,7.802209316247118,1.791759469228055,2,2,4,4,3,26.0,0.6931471805599453,2,1
460,2,20,2,1,8.774776816043985,1.791759469228055,1,1,1,4,1,60.0,0.6931471805599453,2,1
461,2,18,4,2,8.905851181208021,0.6931471805599453,1,4,3,4,2,40.0,1.0986122886681098,2,1
462,4,15,2,1,8.246171559857563,1.0986122886681098,2,1,2,4,3,23.0,0.6931471805599453,2,1
463,1,28,2,0,8.295798110636145,0.6931471805599453,3,3,3,2,3,45.0,0.6931471805599453,1,0
464,2,12,2,0,8.91905180393029,1.791759469228055,1,1,2,2,1,24.0,0.6931471805599453,1,1
465,3,12,2,2,7.261927092702751,1.791759469228055,5,3,2,4,1,55.0,0.6931471805599453,2,1
466,2,12,2,1,7.615298339825815,1.791759469228055,3,4,3,2,3,30.0,0.6931471805599453,1,1
467,4,15,2,0,8.580167990577626,1.3862943611198906,5,1,2,4,4,35.0,0.6931471805599453,1,1
468,2,36,2,3,7.751045117971802,0.6931471805599453,4,4,3,4,3,24.0,0.6931471805599453,1,1
469,4,12,2,6,7.2399325913204695,0.6931471805599453,5,4,3,4,2,47.0,1.3862943611198906,2,1
470,4,18,2,2,7.59337419312129,0.6931471805599453,3,4,3,4,4,47.0,1.0986122886681098,1,1
471,4,24,2,3,6.907755278982137,1.791759469228055,5,4,3,2,3,25.0,1.0986122886681098,1,1
472,4,36,2,6,8.910585718290132,1.791759469228055,5,3,3,2,2,37.0,1.0986122886681098,1,1
473,4,15,2,2,7.690286020676768,1.791759469228055,4,1,2,4,1,33.0,0.6931471805599453,1,1
474,3,36,2,3,8.406038142050075,0.6931471805599453,5,4,3,2,3,31.0,0.6931471805599453,1,1
475,4,24,2,6,6.843749949006225,0.6931471805599453,2,4,4,3,3,27.0,1.0986122886681098,1,1
476,4,18,2,2,8.138272638530186,0.6931471805599453,5,4,3,4,2,47.0,1.3862943611198906,2,1
477,4,24,2,3,8.041091003708633,1.791759469228055,2,4,3,2,3,25.0,1.0986122886681098,1,1
478,4,12,4,6,7.918992488165245,0.6931471805599453,5,2,2,4,4,57.0,1.3862943611198906,1,1
479,2,18,2,5,8.261784679514752,0.6931471805599453,1,2,2,4,3,64.5,0.6931471805599453,2,1
480,4,27,2,5,8.55468163582723,1.791759469228055,5,4,3,4,2,48.0,1.5040773967762742,2,1
481,2,18,2,2,8.007034012193408,0.6931471805599453,4,2,2,4,1,40.0,0.6931471805599453,1,1
482,4,24,3,6,8.259458195332408,0.6931471805599453,3,1,3,2,4,32.0,0.6931471805599453,1,1
483,4,12,4,2,8.665957964681349,1.791759469228055,5,2,3,4,2,49.0,0.6931471805599453,2,1
484,4,12,4,2,7.373374309910049,1.6094379124341003,4,3,2,2,2,35.0,0.6931471805599453,1,1
485,4,12,4,6,7.078341579557671,0.6931471805599453,3,3,2,2,1,27.0,1.0986122886681098,1,1
486,4,18,4,2,8.237743803890933,0.6931471805599453,2,3,1,2,3,35.0,1.0986122886681098,2,1
487,2,18,4,2,8.19229373114764,0.6931471805599453,5,3,2,4,2,37.0,0.6931471805599453,2,1
488,4,12,2,6,6.981934677156389,0.6931471805599453,3,2,4,2,1,26.0,0.6931471805599453,2,1
489,4,12,2,0,8.168486417126681,1.791759469228055,2,2,3,3,2,45.0,0.6931471805599453,2,1
490,4,18,2,3,7.62657020629066,0.6931471805599453,2,4,3,1,1,33.0,0.6931471805599453,1,1
491,4,12,4,2,8.111328003286733,0.6931471805599453,5,2,3,4,2,42.0,0.6931471805599453,1,1
492,1,18,0,6,8.040768994367578,0.6931471805599453,4,3,3,1,2,31.0,0.6931471805599453,2,1
493,4,24,4,3,7.867871490396322,0.6931471805599453,5,4,4,3,1,46.0,1.0986122886681098,1,1
494,1,12,4,1,7.251344983372214,0.6931471805599453,5,4,3,3,1,54.0,0.6931471805599453,1,1
495,4,24,2,3,7.179307969504034,1.0986122886681098,4,4,4,3,2,26.0,0.6931471805599453,2,1
496,4,6,2,3,7.653969180478774,0.6931471805599453,4,2,4,2,1,29.0,0.6931471805599453,1,1
497,4,24,4,1,8.304742269640771,1.791759469228055,4,3,3,4,2,43.0,1.0986122886681098,2,1
498,4,12,4,0,6.831953565565855,0.6931471805599453,1,1,2,2,2,38.0,0.6931471805599453,1,1
499,1,12,2,3,7.427144133408616,1.3862943611198906,5,3,4,1,1,35.0,0.6931471805599453,1,1
500,4,24,2,0,7.1308988302963465,0.6931471805599453,2,4,4,2,1,28.0,0.6931471805599453,1,1
501,4,24,4,0,7.80954132465341,1.0986122886681098,4,4,4,3,2,27.0,1.0986122886681098,2,1
502,4,6,2,3,7.3752557780097545,0.6931471805599453,4,3,3,2,2,51.0,0.6931471805599453,1,1
503,4,24,4,5,7.629975707027789,0.6931471805599453,3,4,1,2,1,33.0,1.0986122886681098,2,1
504,4,24,2,1,8.963800242855577,0.6931471805599453,4,3,3,3,3,38.0,0.6931471805599453,2,1
505,4,6,4,3,7.462214939768189,0.6931471805599453,5,2,4,2,1,30.0,1.0986122886681098,1,1
506,4,12,4,3,7.123672785204607,1.791759469228055,5,4,2,2,1,38.0,1.0986122886681098,2,1
507,4,24,4,1,8.830981510952498,1.791759469228055,3,2,3,4,2,46.0,1.0986122886681098,2,1
508,4,24,4,2,8.546946149565585,0.6931471805599453,5,4,3,4,3,33.0,0.6931471805599453,2,1
509,1,6,2,0,7.093404625868766,1.0986122886681098,5,3,3,2,2,43.0,0.6931471805599453,2,1
510,4,6,4,0,7.640603826393634,1.3862943611198906,3,1,4,2,3,24.0,0.6931471805599453,1,1
511,4,6,2,6,7.338888133838879,0.6931471805599453,2,1,2,2,4,56.0,0.6931471805599453,1,1
512,2,24,4,0,8.263332667439967,1.0986122886681098,2,4,1,2,3,37.0,0.6931471805599453,2,1
513,2,30,2,2,8.251403065380556,0.6931471805599453,2,2,4,1,2,22.0,0.6931471805599453,1,1
514,4,15,2,0,8.066835314417336,1.6094379124341003,4,2,2,3,3,20.0,0.6931471805599453,1,1
515,2,24,2,3,7.9714309977693505,1.0986122886681098,2,2,3,1,3,29.0,0.6931471805599453,1,1
516,2,24,3,6,8.849083518532339,1.0986122886681098,4,4,3,4,3,36.0,0.6931471805599453,2,1
517,4,36,2,6,7.506591780070841,0.6931471805599453,3,4,3,4,4,37.0,0.6931471805599453,2,0
518,4,24,2,3,8.690137586397595,1.791759469228055,2,1,2,1,3,44.0,1.0986122886681098,2,0
519,4,36,4,2,8.871785969150645,0.6931471805599453,2,2,2,4,2,23.0,1.0986122886681098,2,0
520,4,36,2,2,8.116715624819111,0.6931471805599453,3,4,2,2,3,28.0,0.6931471805599453,2,0
521,4,36,2,2,8.972511390650263,0.6931471805599453,1,4,2,2,3,26.0,1.0986122886681098,2,0
522,4,6,2,3,6.251903883165888,0.6931471805599453,3,3,2,1,1,29.0,0.6931471805599453,1,1
523,4,18,2,3,7.027314514039777,1.791759469228055,2,4,2,2,1,21.0,0.6931471805599453,2,1
524,2,12,4,1,7.528869256642251,0.6931471805599453,1,4,3,2,3,34.0,1.0986122886681098,2,1
525,4,36,4,3,8.972511390650263,0.6931471805599453,3,2,2,2,3,31.0,1.0986122886681098,1,1
526,1,12,2,3,6.553933404025811,0.6931471805599453,3,4,4,2,1,40.0,0.6931471805599453,1,1
527,2,12,2,3,7.983098940710892,0.6931471805599453,4,2,2,1,1,27.0,0.6931471805599453,1,1
528,4,18,2,3,7.317212408359839,0.6931471805599453,3,4,3,2,4,32.0,0.6931471805599453,2,1
529,4,18,4,3,7.713784616598755,0.6931471805599453,3,2,2,1,3,25.0,1.0986122886681098,1,1
530,4,4,4,3,7.315883504509785,0.6931471805599453,4,2,3,1,1,42.0,1.0986122886681098,1,1
531,4,24,4,1,7.6953031349635665,1.791759469228055,4,4,3,4,3,43.0,1.0986122886681098,2,1
532,3,12,2,3,7.540090320145325,0.6931471805599453,3,2,2,2,3,44.0,0.6931471805599453,2,1
533,1,18,4,3,7.53955882930103,0.6931471805599453,4,4,4,1,2,32.0,1.0986122886681098,2,1
534,1,18,2,3,7.779048644925556,0.6931471805599453,2,4,2,1,3,27.0,0.6931471805599453,1,1
535,2,24,2,3,7.584773077612199,0.6931471805599453,5,4,2,4,3,20.0,0.6931471805599453,2,1
536,4,4,4,0,8.125926802707886,0.6931471805599453,4,1,2,1,1,37.0,0.6931471805599453,1,1
537,4,4,4,0,7.283448228756631,0.6931471805599453,4,2,3,1,1,42.0,1.3862943611198906,1,1
538,4,7,4,3,6.594413459749778,1.791759469228055,5,4,3,2,2,46.0,1.0986122886681098,2,1
539,2,18,0,2,8.08487062913819,0.6931471805599453,3,1,2,4,3,33.0,1.0986122886681098,2,1
540,2,9,2,3,7.421177528595393,0.6931471805599453,2,4,2,2,3,22.0,0.6931471805599453,2,0
541,2,42,2,3,8.289037098278483,1.791759469228055,4,4,3,1,3,41.0,1.0986122886681098,2,1
542,2,12,2,2,7.56164174558878,0.6931471805599453,3,4,3,2,2,37.0,0.6931471805599453,1,0
543,2,18,4,2,7.16703787691222,0.6931471805599453,2,4,2,1,2,27.0,1.0986122886681098,1,1
544,4,4,4,3,7.3427791893318455,0.6931471805599453,4,2,3,1,1,42.0,1.3862943611198906,1,1
545,2,8,2,6,6.811244378601294,0.6931471805599453,2,3,4,2,1,26.0,0.6931471805599453,2,1
546,2,30,2,3,7.447751280047908,1.791759469228055,3,4,2,1,3,26.0,0.6931471805599453,1,1
547,3,10,4,3,7.206377291472252,1.791759469228055,4,4,3,2,2,27.0,1.0986122886681098,2,1
548,2,12,2,0,6.915723448631314,1.6094379124341003,3,4,4,1,1,22.0,0.6931471805599453,1,1
549,4,12,4,2,7.246368080102461,1.3862943611198906,4,3,2,4,3,37.0,0.6931471805599453,2,1
550,2,12,2,0,7.602401335665818,0.6931471805599453,4,3,3,4,2,30.0,0.6931471805599453,2,1
551,4,12,4,6,7.64826303090192,0.6931471805599453,4,2,3,3,1,49.0,0.6931471805599453,1,1
552,4,12,2,0,7.004881989712859,0.6931471805599453,3,3,4,2,1,27.0,1.0986122886681098,2,1
553,4,10,2,6,6.796823718274855,1.791759469228055,4,4,2,3,2,40.0,0.6931471805599453,2,1
554,2,11,2,2,7.363913501405819,1.6094379124341003,2,4,2,1,1,20.0,0.6931471805599453,1,1
555,4,33,3,6,7.9247959139564355,0.6931471805599453,3,2,2,2,3,26.0,1.0986122886681098,2,1
556,2,42,0,0,8.972511390650263,1.3862943611198906,2,1,2,1,3,30.0,1.0986122886681098,1,1
557,3,12,2,2,7.29641326877392,0.6931471805599453,2,4,2,1,2,33.0,0.6931471805599453,2,1
558,4,24,2,1,8.600430789986293,1.791759469228055,1,2,2,4,2,26.0,0.6931471805599453,2,1
559,2,14,2,6,7.252053951852814,1.3862943611198906,5,1,4,2,1,35.0,0.6931471805599453,2,1
560,4,20,4,0,8.156510226079966,1.791759469228055,2,2,1,4,1,44.0,1.0986122886681098,2,1
561,4,18,4,1,8.25608813381491,0.6931471805599453,4,3,3,1,3,27.0,1.0986122886681098,1,1
562,2,42,2,0,8.910450756416656,1.0986122886681098,2,4,2,2,2,24.0,0.6931471805599453,1,0
563,3,24,2,3,7.228388451573604,1.0986122886681098,5,4,2,2,4,47.0,0.6931471805599453,2,1
564,4,30,3,6,8.360071435644025,1.0986122886681098,3,2,3,2,2,26.0,1.0986122886681098,1,1
565,2,24,3,3,7.348587530927593,1.0986122886681098,4,3,2,2,2,23.0,1.0986122886681098,2,1
566,2,36,3,6,8.972511390650263,1.0986122886681098,4,1,3,3,2,31.0,1.0986122886681098,2,1
567,4,6,4,0,5.8944028342648505,1.0986122886681098,3,4,2,4,3,52.0,1.0986122886681098,1,1
568,4,12,4,2,7.568379267836522,0.6931471805599453,5,4,3,4,1,43.0,1.3862943611198906,2,1
569,4,42,2,3,8.972511390650263,1.791759469228055,4,4,3,3,3,37.0,0.6931471805599453,2,1
570,3,12,2,0,7.193685818395112,0.6931471805599453,2,4,3,1,1,26.0,0.6931471805599453,1,1
571,4,36,2,6,8.972511390650263,1.791759469228055,3,2,3,4,4,35.0,0.6931471805599453,2,1
572,2,26,2,1,8.972511390650263,0.6931471805599453,2,2,3,3,3,30.0,1.0986122886681098,1,1
573,2,30,1,2,8.159660737063376,1.6094379124341003,3,4,3,2,3,34.0,0.6931471805599453,2,1
574,2,36,2,1,8.846353043314327,0.6931471805599453,3,2,3,2,3,35.0,0.6931471805599453,2,1
575,2,42,0,6,8.972511390650263,1.791759469228055,3,2,3,2,3,48.0,0.6931471805599453,2,1
576,1,36,2,2,8.145259566516865,0.6931471805599453,5,4,3,2,3,42.0,0.6931471805599453,1,0
577,1,12,2,6,6.529418838262226,0.6931471805599453,3,4,3,4,3,40.0,0.6931471805599453,1,0
578,1,33,4,2,8.362175469149628,1.3862943611198906,3,1,2,4,3,23.0,1.0986122886681098,1,0
579,1,42,2,3,8.878358040627822,1.791759469228055,4,4,2,3,3,30.0,0.6931471805599453,2,0
580,1,24,1,3,7.344072850573066,0.6931471805599453,4,4,3,4,3,24.0,0.6931471805599453,1,0
581,1,24,2,2,7.7664168980196555,1.0986122886681098,1,1,1,1,2,33.0,0.6931471805599453,1,0
582,4,24,2,3,8.19478163844336,1.0986122886681098,5,2,3,4,3,31.0,1.0986122886681098,1,0
583,1,12,2,4,6.60934924316738,1.0986122886681098,1,4,2,3,2,22.0,0.6931471805599453,1,0
584,1,12,2,2,8.970304952991755,0.6931471805599453,5,4,3,4,4,53.0,0.6931471805599453,2,0
585,1,24,2,1,7.976251943745623,0.6931471805599453,4,2,3,1,4,34.0,0.6931471805599453,2,1
586,1,18,4,0,8.57602797713713,0.6931471805599453,5,2,3,4,4,36.0,1.3862943611198906,2,1
587,1,36,2,2,8.19450550976564,0.6931471805599453,3,1,3,2,2,37.0,0.6931471805599453,1,1
588,1,18,2,3,8.163371316459912,0.6931471805599453,4,4,2,1,1,25.0,0.6931471805599453,1,1
589,2,12,2,2,8.012349639327795,0.6931471805599453,2,3,2,1,1,34.0,0.6931471805599453,1,1
590,1,12,2,2,7.4133673356952405,0.6931471805599453,3,2,3,2,1,27.0,0.6931471805599453,1,1
591,1,8,4,6,7.060476365999801,0.6931471805599453,5,3,3,4,4,51.0,1.0986122886681098,2,1
592,1,36,4,2,8.737131611781498,0.6931471805599453,2,4,2,4,4,23.0,1.0986122886681098,2,0
593,1,24,1,0,7.085064293952548,0.6931471805599453,1,1,2,4,4,29.0,1.0986122886681098,1,0
594,1,30,0,2,8.430327258394575,0.6931471805599453,3,2,1,2,1,32.0,1.0986122886681098,1,1
595,1,36,4,2,8.588955557643128,0.6931471805599453,3,3,3,2,2,28.0,1.0986122886681098,1,1
596,1,12,2,2,6.5638555265321274,0.6931471805599453,3,2,3,3,2,38.0,0.6931471805599453,1,1
597,1,21,4,0,6.349138991379798,0.6931471805599453,5,4,3,4,1,64.5,1.0986122886681098,1,1
598,1,30,2,3,7.833203948641057,0.6931471805599453,5,1,3,3,2,39.0,0.6931471805599453,1,1
599,1,36,2,2,8.55256033525353,0.6931471805599453,4,4,3,2,2,29.0,0.6931471805599453,1,0
600,1,36,2,1,8.972511390650263,0.6931471805599453,3,2,3,2,2,26.0,0.6931471805599453,1,0
601,4,24,4,2,7.615298339825815,0.6931471805599453,4,2,3,2,2,30.0,1.0986122886681098,1,1
602,1,6,2,0,7.226209010100671,1.791759469228055,1,4,2,3,2,64.5,0.6931471805599453,2,1
603,1,12,2,2,7.162397497355718,0.6931471805599453,3,4,3,1,2,21.0,0.6931471805599453,1,1
604,1,36,2,2,7.905810312658931,0.6931471805599453,5,2,3,2,2,41.0,0.6931471805599453,1,0
605,1,15,4,2,6.883462586413092,0.6931471805599453,3,2,1,3,2,25.0,1.0986122886681098,1,1
606,2,6,3,2,6.957497370876951,0.6931471805599453,1,4,3,1,2,35.0,1.0986122886681098,2,1
607,1,6,4,0,6.413458957167357,0.6931471805599453,4,4,2,3,2,37.0,1.0986122886681098,1,1
608,1,42,2,1,8.47407690034261,0.6931471805599453,4,4,3,3,2,26.0,0.6931471805599453,1,1
609,2,24,2,2,8.029432840581244,1.0986122886681098,5,4,3,4,4,30.0,0.6931471805599453,1,1
610,2,12,2,0,6.729824070489475,1.0986122886681098,2,4,2,2,2,23.0,0.6931471805599453,1,0
611,1,12,2,2,7.8547691834991324,0.6931471805599453,3,2,1,1,3,42.0,0.6931471805599453,1,1
612,1,12,2,2,7.390798521735676,0.6931471805599453,3,2,2,3,2,30.0,0.6931471805599453,1,1
613,1,15,2,2,7.520776415062797,0.6931471805599453,2,4,2,1,2,46.0,0.6931471805599453,1,1
614,1,24,2,1,8.791790024319363,0.6931471805599453,1,4,3,2,4,29.0,0.6931471805599453,2,1
615,1,12,2,0,7.546446273746024,0.6931471805599453,3,4,2,4,2,29.0,0.6931471805599453,2,1
616,1,30,4,1,8.972511390650263,0.6931471805599453,5,3,3,4,4,38.0,1.3862943611198906,2,1
617,1,18,2,0,7.718685495198466,1.0986122886681098,4,4,3,3,3,30.0,0.6931471805599453,2,1
618,1,30,2,2,8.042056410058754,0.6931471805599453,2,2,1,4,2,31.0,0.6931471805599453,1,0
619,2,12,4,0,6.8658910748834385,0.6931471805599453,4,2,3,3,1,47.0,1.0986122886681098,1,1
620,4,24,2,1,8.972511390650263,1.791759469228055,3,2,1,4,4,48.0,0.6931471805599453,2,1
621,4,24,4,6,8.750683034784592,0.6931471805599453,1,4,3,2,4,27.0,1.0986122886681098,2,1
622,1,12,4,1,7.3310603052186325,0.6931471805599453,5,4,3,4,4,64.5,1.0986122886681098,1,1
623,1,12,2,2,8.186185994226083,0.6931471805599453,3,2,3,2,2,29.0,0.6931471805599453,1,1
624,1,24,4,1,8.797246236703527,0.6931471805599453,1,2,3,4,4,64.5,1.0986122886681098,2,1
625,1,6,4,2,7.5352967024440884,0.6931471805599453,1,4,3,4,4,36.0,1.3862943611198906,2,1
626,4,12,2,0,7.958576903813898,1.791759469228055,1,4,3,4,4,38.0,0.6931471805599453,2,1
627,4,18,4,3,7.367077059881012,1.6094379124341003,5,4,3,4,3,46.0,1.0986122886681098,1,1
628,4,6,2,6,7.122059881629142,1.791759469228055,1,4,3,4,2,36.0,0.6931471805599453,2,1
629,1,12,2,2,7.8551570058813445,0.6931471805599453,1,3,2,4,4,55.0,0.6931471805599453,1,1
630,1,15,4,2,7.2682230211595655,0.6931471805599453,3,4,2,3,2,25.0,1.0986122886681098,1,1
631,1,42,2,2,8.972463821059907,0.6931471805599453,4,2,3,4,2,45.0,0.6931471805599453,1,1
632,1,24,2,2,8.335671314792847,0.6931471805599453,3,4,3,4,2,28.0,0.6931471805599453,1,1
633,1,36,2,2,8.283999304248526,0.6931471805599453,1,4,3,3,2,30.0,0.6931471805599453,2,1
634,1,36,2,0,8.086410275323782,0.6931471805599453,4,2,3,4,4,39.0,0.6931471805599453,2,1
635,1,24,2,2,8.055157731819678,0.6931471805599453,2,4,3,1,4,22.0,0.6931471805599453,1,1
636,1,12,4,2,7.717351272185329,0.6931471805599453,5,3,3,3,2,60.0,1.0986122886681098,1,0
637,1,13,4,6,7.494430215031565,0.6931471805599453,2,3,3,1,2,28.0,1.0986122886681098,1,1
638,1,20,4,2,8.360071435644025,0.6931471805599453,5,1,2,4,2,24.0,1.0986122886681098,1,1
639,1,24,4,1,7.992268643270745,0.6931471805599453,5,4,3,4,2,63.0,1.0986122886681098,2,1
640,1,36,4,2,7.761744984658913,0.6931471805599453,3,3,4,2,2,46.0,1.0986122886681098,2,1
641,3,42,0,6,8.746716349694486,0.6931471805599453,2,2,1,1,2,33.0,1.0986122886681098,1,1
642,1,24,4,1,8.767173396684006,0.6931471805599453,5,2,2,4,4,44.0,1.0986122886681098,2,1
643,1,42,4,1,8.723231274827508,0.6931471805599453,5,4,2,4,4,58.0,1.0986122886681098,1,0
644,4,24,4,6,7.37650812632622,0.6931471805599453,5,4,3,4,4,54.0,1.0986122886681098,1,1
645,1,36,2,6,8.972511390650263,0.6931471805599453,1,2,1,3,3,43.0,0.6931471805599453,1,1
646,4,24,4,3,7.707062655370473,1.0986122886681098,5,4,3,4,2,52.0,1.0986122886681098,1,1
647,4,42,3,3,8.88723835429314,1.791759469228055,5,3,3,3,3,32.0,1.0986122886681098,1,1
648,2,30,3,6,7.825644732219989,1.0986122886681098,5,4,3,2,2,41.0,1.0986122886681098,1,1
649,2,18,2,6,7.872073979866873,1.0986122886681098,3,4,3,4,3,34.0,0.6931471805599453,1,1
650,2,24,2,2,8.378390788535778,1.791759469228055,3,1,2,4,2,48.0,0.6931471805599453,2,1
651,2,6,2,3,5.910796644040527,1.791759469228055,5,4,3,4,2,38.0,0.6931471805599453,1,1
652,2,12,2,6,6.626717749249025,1.791759469228055,5,4,3,4,2,38.0,1.0986122886681098,1,1
653,4,24,4,3,7.793586803371584,1.791759469228055,5,4,3,4,2,53.0,1.0986122886681098,1,1
654,2,42,3,6,8.807172622916703,1.791759469228055,3,4,3,4,4,38.0,0.6931471805599453,2,1
655,2,18,3,6,7.794823152179389,1.791759469228055,5,4,3,2,2,42.0,1.0986122886681098,1,1
656,2,24,4,3,7.104144092987527,1.0986122886681098,2,4,3,4,4,38.0,1.0986122886681098,1,0
657,2,6,2,3,6.625392368007956,0.6931471805599453,3,2,2,3,1,64.0,0.6931471805599453,1,1
658,2,7,2,3,7.854381210652365,0.6931471805599453,3,2,3,2,1,35.0,0.6931471805599453,1,1
659,2,6,2,3,6.3818160174060985,0.6931471805599453,2,3,4,3,1,26.0,0.6931471805599453,1,1
660,2,8,2,3,7.254884810077338,0.6931471805599453,3,4,3,2,1,33.0,0.6931471805599453,1,1
661,2,12,2,3,7.00669522683704,0.6931471805599453,4,4,3,3,1,29.0,1.0986122886681098,1,1
662,2,12,3,3,6.373319789577012,0.6931471805599453,3,4,4,4,1,20.0,1.0986122886681098,1,1
663,2,6,2,3,6.974478911025045,0.6931471805599453,5,4,3,4,3,28.0,0.6931471805599453,1,1
664,1,8,4,0,6.570882962339584,0.6931471805599453,5,4,3,4,1,47.0,1.0986122886681098,1,1
665,2,12,2,3,6.996681488176539,0.6931471805599453,3,4,2,4,1,49.0,1.0986122886681098,2,1
666,2,7,2,3,7.753623546559746,0.6931471805599453,2,1,2,1,1,45.0,0.6931471805599453,1,1
667,2,13,4,3,6.78332520060396,0.6931471805599453,2,4,3,4,1,23.0,1.0986122886681098,1,1
668,2,18,2,3,6.7650389767805414,0.6931471805599453,3,4,4,2,1,25.0,0.6931471805599453,1,1
669,2,7,2,3,7.789868559054706,0.6931471805599453,3,3,3,2,1,34.0,0.6931471805599453,1,1
670,2,13,2,3,7.650644551436897,0.6931471805599453,2,2,2,4,2,23.0,0.6931471805599453,1,1
671,2,18,2,3,7.171656822768514,0.6931471805599453,5,4,4,2,1,32.0,0.6931471805599453,1,1
672,2,18,2,3,7.01571242048723,0.6931471805599453,3,4,2,4,1,26.0,0.6931471805599453,1,1
673,2,8,2,3,6.634633357861686,0.6931471805599453,4,4,2,2,1,44.0,0.6931471805599453,1,1
674,2,12,2,3,6.439350371100098,0.6931471805599453,2,4,4,1,1,26.0,0.6931471805599453,1,1
675,3,6,4,0,7.188412736496954,1.0986122886681098,5,2,1,4,3,28.0,1.0986122886681098,2,1
676,1,9,4,3,7.037905963447182,0.6931471805599453,3,4,3,4,1,25.0,1.0986122886681098,1,1
677,2,18,4,3,7.493317248862145,0.6931471805599453,5,3,2,4,1,48.0,1.0986122886681098,2,1
678,2,15,4,3,7.911690520708339,1.791759469228055,4,4,3,2,1,35.0,1.3862943611198906,2,1
679,2,6,2,3,6.184148890937483,0.6931471805599453,4,3,4,3,1,28.0,0.6931471805599453,1,1
680,2,10,1,3,6.955592608396297,0.6931471805599453,3,4,3,4,1,23.0,0.6931471805599453,1,1
681,2,12,2,3,7.052721049232323,0.6931471805599453,5,3,4,3,1,40.0,1.0986122886681098,1,1
682,2,20,3,1,8.861917004235215,1.791759469228055,4,3,3,4,2,36.0,1.0986122886681098,2,1
683,2,15,4,3,7.338238150065589,1.791759469228055,5,4,3,4,1,50.0,1.0986122886681098,2,1
684,1,12,2,3,7.703007682479236,0.6931471805599453,3,4,3,3,2,24.0,0.6931471805599453,1,1
685,4,24,4,2,7.368970402194793,0.6931471805599453,4,4,3,3,2,40.0,1.0986122886681098,1,1
686,2,10,2,2,7.3277805384216315,0.6931471805599453,3,4,1,2,3,31.0,0.6931471805599453,1,1
687,2,36,1,4,8.291797105048733,1.791759469228055,2,3,2,2,4,29.0,0.6931471805599453,1,1
688,3,18,2,2,8.022896869601457,0.6931471805599453,2,1,2,1,2,45.0,0.6931471805599453,1,1
689,1,24,2,3,7.1569563646156364,1.0986122886681098,3,4,2,2,3,32.0,0.6931471805599453,1,0
690,4,42,2,3,8.972511390650263,1.0986122886681098,4,2,2,4,1,21.0,0.6931471805599453,2,1
691,1,12,2,0,7.063903961472068,0.6931471805599453,3,4,4,3,1,27.0,0.6931471805599453,1,1
692,2,6,2,5,6.12029741895095,0.6931471805599453,2,3,4,1,2,22.0,0.6931471805599453,1,1
693,4,15,3,1,8.187299270155147,0.6931471805599453,2,1,2,2,2,46.0,1.0986122886681098,1,1
694,4,12,2,2,7.478169694159785,0.6931471805599453,3,3,3,2,1,24.0,0.6931471805599453,1,1
695,4,42,3,3,8.972511390650263,0.6931471805599453,4,2,3,4,3,21.0,1.0986122886681098,2,1
696,3,12,3,0,7.717796211013582,0.6931471805599453,3,2,2,2,3,36.0,1.0986122886681098,2,1
697,4,24,2,3,7.254177846456518,0.6931471805599453,3,4,4,2,2,28.0,0.6931471805599453,1,1
698,2,42,4,1,8.428799040653642,1.0986122886681098,1,3,3,4,3,27.0,0.6931471805599453,1,1
699,1,24,4,3,7.116394144093465,1.6094379124341003,5,4,2,4,2,57.0,1.0986122886681098,2,1
700,1,36,2,1,8.972511390650263,1.791759469228055,5,3,3,4,4,47.0,0.6931471805599453,1,0
701,2,36,4,1,8.665785595466064,0.6931471805599453,3,3,3,4,3,34.0,1.0986122886681098,2,1
702,1,18,3,6,8.972511390650263,1.791759469228055,3,1,2,2,3,23.0,1.0986122886681098,2,1
703,1,30,2,2,8.195057690895077,1.6094379124341003,5,4,2,4,2,57.0,1.0986122886681098,2,1
704,1,6,4,3,7.064759027791802,1.791759469228055,5,4,3,4,1,64.5,1.0986122886681098,2,1
705,4,15,2,4,7.141245122350491,1.3862943611198906,4,4,3,3,2,36.0,1.0986122886681098,2,1
706,3,24,4,2,8.193676665955241,1.791759469228055,5,4,3,4,4,20.0,1.0986122886681098,1,1
707,2,30,4,0,7.687997166393016,1.791759469228055,5,4,3,4,1,36.0,1.0986122886681098,1,1
708,1,42,1,6,8.94715577112479,0.6931471805599453,4,2,2,4,3,37.0,0.6931471805599453,1,0
709,4,42,4,6,8.717845704894916,0.6931471805599453,3,1,3,3,4,31.0,0.6931471805599453,2,1
710,4,24,2,0,8.231642179973411,0.6931471805599453,5,4,2,4,4,62.0,0.6931471805599453,2,1
711,1,42,4,5,8.130059039992796,0.6931471805599453,1,4,3,4,3,64.5,1.0986122886681098,1,1
712,4,36,4,6,8.74909824839902,1.791759469228055,5,4,3,4,1,36.0,1.0986122886681098,1,1
713,4,9,4,6,7.126890808898808,1.791759469228055,5,4,2,4,2,41.0,1.0986122886681098,1,1
714,4,6,2,0,8.165932137321585,0.6931471805599453,3,2,3,3,2,26.0,0.6931471805599453,1,1
715,4,36,0,5,7.868636894184167,0.6931471805599453,3,4,3,2,3,27.0,1.0986122886681098,1,1
716,1,42,2,6,8.919586920999915,0.6931471805599453,4,4,3,1,4,50.0,0.6931471805599453,2,1
717,4,24,2,6,8.432070937999402,1.6094379124341003,3,2,3,3,2,54.0,1.3862943611198906,2,0
718,2,18,2,2,7.562681246721884,1.791759469228055,2,4,2,3,1,27.0,0.6931471805599453,1,0
719,2,42,2,3,8.629807335785372,1.0986122886681098,3,2,4,2,3,24.0,0.6931471805599453,1,0
720,2,42,3,6,8.736328721332908,0.6931471805599453,5,4,3,4,4,50.0,0.6931471805599453,1,0
721,3,15,2,6,7.552762084214147,0.6931471805599453,5,4,3,4,3,40.0,0.6931471805599453,2,1
722,4,21,3,1,8.004365564979574,0.6931471805599453,3,3,3,2,1,28.0,1.0986122886681098,1,1
723,4,36,3,1,8.972511390650263,1.791759469228055,4,3,3,2,3,31.0,0.6931471805599453,2,1
724,1,24,2,2,8.299285906897275,0.6931471805599453,3,2,3,2,3,27.0,0.6931471805599453,1,1
725,2,18,2,1,7.930206206684683,0.6931471805599453,3,1,4,3,3,21.0,0.6931471805599453,2,1
726,4,21,2,0,7.931284761525891,1.3862943611198906,4,1,2,2,3,31.0,0.6931471805599453,1,1
727,4,12,2,0,7.541683099882111,0.6931471805599453,5,4,3,4,3,39.0,0.6931471805599453,2,1
728,4,36,4,1,8.972511390650263,1.791759469228055,3,4,3,2,3,30.0,0.6931471805599453,2,1
729,2,42,3,3,8.972511390650263,1.791759469228055,3,2,3,2,4,27.0,0.6931471805599453,1,1
730,2,42,1,1,8.972511390650263,0.6931471805599453,1,1,3,2,4,55.0,0.6931471805599453,2,1
731,4,42,2,0,8.783855896643942,1.791759469228055,3,4,3,4,4,34.0,0.6931471805599453,2,1
732,4,15,4,1,8.122371243406553,1.6094379124341003,5,3,3,4,4,23.0,1.0986122886681098,2,1
733,1,15,2,0,7.828834527588089,0.6931471805599453,1,1,2,4,3,23.0,0.6931471805599453,1,1
734,1,36,2,1,8.611411866655219,0.6931471805599453,5,2,3,4,4,42.0,0.6931471805599453,1,1
735,4,6,2,4,7.199678345691172,1.3862943611198906,3,1,1,4,1,62.0,0.6931471805599453,1,1
736,2,9,2,3,6.9874902470009905,0.6931471805599453,5,4,3,4,3,37.0,1.0986122886681098,1,1
737,4,18,4,3,7.047517221357296,1.6094379124341003,3,4,3,3,1,46.0,1.0986122886681098,1,1
738,2,15,2,5,7.1770187659099,0.6931471805599453,5,4,3,4,3,38.0,1.0986122886681098,1,1
739,2,20,0,1,8.724044745953469,1.0986122886681098,5,3,4,4,3,31.0,1.0986122886681098,2,1
740,4,12,2,2,7.459914766241105,0.6931471805599453,4,3,2,4,1,31.0,0.6931471805599453,1,1
741,4,12,2,3,8.026170194946426,1.6094379124341003,4,2,1,4,1,61.0,0.6931471805599453,1,1
742,1,24,2,2,8.005367067316664,1.791759469228055,3,2,4,4,3,20.0,0.6931471805599453,1,0
743,4,30,4,1,8.935508711503221,1.791759469228055,5,1,3,4,3,63.0,1.0986122886681098,1,1
744,4,30,2,1,8.47886807709457,1.791759469228055,4,2,2,4,2,24.0,0.6931471805599453,1,1
745,4,6,2,2,7.4770384723196965,0.6931471805599453,3,1,4,2,2,21.0,0.6931471805599453,1,1
746,2,24,2,1,7.923348211930154,1.791759469228055,5,4,3,4,4,36.0,0.6931471805599453,2,1
747,4,24,4,5,8.613956859848546,0.6931471805599453,5,3,3,4,4,44.0,1.0986122886681098,1,1
748,2,9,2,6,7.090076835776092,0.6931471805599453,4,4,2,4,2,64.5,1.0986122886681098,2,1
749,3,24,2,2,7.970049304976135,0.6931471805599453,5,3,1,4,4,51.0,0.6931471805599453,1,1
750,2,36,3,0,7.959625305098115,1.0986122886681098,5,4,3,3,4,30.0,0.6931471805599453,1,1
751,1,9,2,0,6.484635235635252,0.6931471805599453,3,4,3,3,3,28.0,0.6931471805599453,1,0
752,2,9,4,6,7.036148493750536,1.6094379124341003,5,4,3,3,4,32.0,1.0986122886681098,1,0
753,2,24,2,1,8.322151070212902,1.3862943611198906,2,3,2,4,3,28.0,0.6931471805599453,1,0
754,2,6,2,0,8.972511390650263,1.791759469228055,1,1,3,2,2,23.0,0.6931471805599453,2,0
755,1,15,0,0,6.85751406254539,0.6931471805599453,5,4,3,3,3,33.0,1.0986122886681098,1,0
756,1,24,4,0,7.090076835776092,0.6931471805599453,5,4,3,4,3,60.0,1.0986122886681098,1,0
757,1,12,0,0,6.9874902470009905,0.6931471805599453,3,4,3,4,3,48.0,1.0986122886681098,1,0
758,2,30,2,0,7.67368812926773,0.6931471805599453,3,4,2,2,4,24.0,0.6931471805599453,1,0
759,2,36,4,0,7.944846711001996,0.6931471805599453,2,4,1,4,3,27.0,1.0986122886681098,1,0
760,2,42,2,3,8.026496938945412,0.6931471805599453,4,4,3,4,1,28.0,1.0986122886681098,1,0
761,1,18,2,3,7.8636512654486515,0.6931471805599453,3,4,3,4,4,64.5,1.0986122886681098,1,0
762,4,21,0,0,8.517992871586802,1.791759469228055,3,1,2,4,2,29.0,1.0986122886681098,2,0
763,2,42,2,6,8.746557354543503,0.6931471805599453,3,4,3,4,4,42.0,0.6931471805599453,1,0
764,4,24,3,0,7.839525581704678,0.6931471805599453,5,4,3,4,3,47.0,1.0986122886681098,1,0
765,4,9,2,3,7.2991214627108,0.6931471805599453,4,4,3,2,3,22.0,0.6931471805599453,1,0
766,2,39,4,3,8.503905297089302,0.6931471805599453,4,2,3,2,1,25.0,1.0986122886681098,1,0
767,4,18,4,0,7.333676395657684,0.6931471805599453,3,3,3,2,2,32.0,1.0986122886681098,1,0
768,2,9,1,0,7.271008538280992,1.0986122886681098,4,2,3,3,4,29.0,0.6931471805599453,1,0
769,1,15,2,4,7.151485463904735,1.791759469228055,3,4,2,2,3,24.0,0.6931471805599453,1,0
770,1,24,2,3,7.508787170634276,0.6931471805599453,1,4,3,2,3,30.0,0.6931471805599453,1,0
771,1,9,2,0,7.260522598089852,0.6931471805599453,2,3,3,2,4,27.0,0.6931471805599453,2,0
772,1,18,2,4,7.1049654482698426,0.6931471805599453,3,4,4,3,1,47.0,0.6931471805599453,2,0
773,1,36,2,0,8.972511390650263,0.6931471805599453,4,2,3,1,3,24.0,0.6931471805599453,2,0
774,1,36,3,6,7.671360923190644,0.6931471805599453,4,2,3,1,3,24.0,1.0986122886681098,2,0
775,1,36,2,0,7.519149957669823,0.6931471805599453,2,4,2,4,3,34.0,0.6931471805599453,2,0
776,2,18,3,2,8.365905077202456,0.6931471805599453,5,4,1,3,4,40.0,0.6931471805599453,2,0
777,1,6,4,2,8.127109185346375,0.6931471805599453,3,1,1,4,1,44.0,0.6931471805599453,2,0
778,2,18,4,3,7.1276936993473985,0.6931471805599453,3,4,4,2,3,33.0,0.6931471805599453,1,0
779,4,15,2,6,8.439015410352214,1.0986122886681098,3,3,3,2,2,40.0,0.6931471805599453,2,0
780,2,30,4,2,8.972511390650263,0.6931471805599453,4,2,3,2,2,49.0,0.6931471805599453,1,0
781,1,24,3,3,6.932447891572509,0.6931471805599453,2,4,4,4,1,48.0,0.6931471805599453,1,0
782,2,36,2,0,8.972511390650263,0.6931471805599453,5,4,3,2,4,57.0,0.6931471805599453,2,0
783,2,6,1,6,6.073044534100405,1.6094379124341003,2,4,2,2,2,24.0,0.6931471805599453,1,0
784,1,12,1,3,7.673223121121708,0.6931471805599453,3,4,1,1,4,29.0,0.6931471805599453,1,0
785,4,24,2,3,7.7823903355874595,1.3862943611198906,5,3,3,2,3,35.0,1.0986122886681098,2,0
786,2,6,1,0,6.837332814685591,1.0986122886681098,2,1,2,1,2,32.0,0.6931471805599453,1,0
787,2,15,3,5,7.321849713788356,1.6094379124341003,3,3,4,3,2,61.0,1.0986122886681098,1,0
788,2,24,0,6,8.352790135124629,0.6931471805599453,3,1,3,4,1,36.0,1.3862943611198906,2,0
789,2,24,4,2,8.463159302923751,0.6931471805599453,2,2,2,4,3,25.0,0.6931471805599453,1,0
790,2,15,0,0,7.483806687665835,0.6931471805599453,2,2,2,1,1,26.0,1.0986122886681098,1,0
791,3,15,2,3,7.752764808851328,0.6931471805599453,2,2,2,3,1,25.0,0.6931471805599453,1,0
792,1,24,1,2,8.835355971121606,0.6931471805599453,2,2,1,1,2,55.0,0.6931471805599453,2,0
793,1,12,2,6,6.679599185844383,0.6931471805599453,2,4,2,4,2,53.0,0.6931471805599453,1,0
794,3,30,3,6,7.554334823725748,0.6931471805599453,5,4,3,4,1,64.5,0.6931471805599453,2,0
795,2,36,0,6,7.577633832602728,0.6931471805599453,5,4,3,4,4,61.0,0.6931471805599453,2,0
796,3,18,2,2,7.9603236291488395,0.6931471805599453,3,2,3,1,1,34.0,0.6931471805599453,1,0
797,3,21,4,6,7.749322464660356,0.6931471805599453,2,2,1,1,3,33.0,0.6931471805599453,1,0
798,1,24,2,0,6.82001636467413,1.791759469228055,5,4,2,2,3,29.0,0.6931471805599453,1,0
799,3,24,2,0,6.854354502255021,0.6931471805599453,4,4,3,3,4,38.0,0.6931471805599453,1,0
800,1,24,2,0,7.231287004327616,1.791759469228055,3,4,2,2,2,35.0,0.6931471805599453,1,0
801,1,24,2,0,7.1592919047975645,1.791759469228055,4,4,2,4,4,32.0,0.6931471805599453,1,0
802,1,24,2,0,7.22402480828583,1.791759469228055,3,4,2,4,1,25.0,0.6931471805599453,1,0
803,2,18,2,0,6.949856455000773,1.791759469228055,3,4,2,2,2,33.0,0.6931471805599453,1,0
804,1,12,2,0,6.803505257608338,1.791759469228055,3,4,4,2,3,23.0,0.6931471805599453,1,0
805,1,24,2,0,7.0967213784947605,0.6931471805599453,2,4,2,4,2,24.0,0.6931471805599453,1,0
806,2,18,0,0,7.731492029245684,1.0986122886681098,2,3,2,3,3,28.0,1.0986122886681098,1,0
807,1,42,3,6,8.830104317913793,0.6931471805599453,5,3,3,4,4,63.0,1.0986122886681098,2,0
808,1,24,2,2,8.11552088154677,0.6931471805599453,5,4,3,2,2,39.0,0.6931471805599453,2,0
809,1,6,1,6,7.089243155027514,0.6931471805599453,5,4,2,4,4,35.0,0.6931471805599453,1,0
810,2,42,2,6,8.972511390650263,0.6931471805599453,3,2,3,2,3,23.0,0.6931471805599453,2,0
811,1,42,2,6,8.895355616996392,0.6931471805599453,5,4,3,4,4,36.0,0.6931471805599453,1,0
812,4,18,2,5,7.572502985020384,0.6931471805599453,2,4,2,4,1,23.0,0.6931471805599453,1,0
813,1,18,2,3,8.068089626278244,0.6931471805599453,3,2,2,2,1,24.0,0.6931471805599453,1,0
814,2,9,1,1,8.542860938164814,0.6931471805599453,5,2,2,4,4,64.5,0.6931471805599453,2,0
815,4,18,3,2,7.500529485395295,0.6931471805599453,4,4,2,1,1,22.0,0.6931471805599453,1,0
816,3,10,2,0,7.123672785204607,1.0986122886681098,5,1,2,4,4,48.0,0.6931471805599453,1,0
817,1,12,2,0,6.633318433280377,0.6931471805599453,4,4,3,2,1,26.0,0.6931471805599453,1,0
818,2,8,2,2,7.121252453244542,0.6931471805599453,3,3,2,4,1,24.0,0.6931471805599453,1,0
819,4,9,2,2,7.591357046698551,0.6931471805599453,2,2,2,2,3,19.0,1.0986122886681098,1,0
820,2,42,2,3,8.972511390650263,1.6094379124341003,4,1,3,2,4,27.0,1.0986122886681098,2,0
821,1,36,3,6,8.837536046107568,0.6931471805599453,3,4,3,3,2,29.0,0.6931471805599453,2,0
822,1,24,2,3,7.569927655242652,0.6931471805599453,2,4,1,3,2,32.0,0.6931471805599453,1,0
823,1,21,2,3,7.515344571180436,0.6931471805599453,3,3,2,2,1,25.0,1.0986122886681098,2,0
824,1,24,3,3,7.414572881350589,0.6931471805599453,2,4,2,2,3,29.0,0.6931471805599453,2,0
825,2,6,3,0,7.098375638590786,0.6931471805599453,1,4,3,4,2,47.0,0.6931471805599453,2,0
826,2,42,0,6,8.254528881939745,1.0986122886681098,4,4,3,4,4,34.0,0.6931471805599453,1,0
827,1,12,4,0,8.485496104672983,0.6931471805599453,5,3,3,4,2,43.0,1.0986122886681098,2,0
828,2,12,2,5,6.461468176353717,0.6931471805599453,3,4,3,2,3,30.0,0.6931471805599453,1,0
829,2,42,2,3,8.691482576512929,0.6931471805599453,3,2,2,2,1,22.0,0.6931471805599453,1,0
830,2,36,0,3,8.244071270295786,0.6931471805599453,3,4,2,1,3,42.0,0.6931471805599453,2,0
831,4,36,3,3,8.403800504061147,0.6931471805599453,3,4,3,2,3,26.0,1.0986122886681098,2,0
832,4,36,3,6,8.972511390650263,1.791759469228055,2,4,3,4,3,27.0,1.0986122886681098,2,0
833,3,36,2,3,8.345455428161928,0.6931471805599453,3,4,3,2,3,26.0,0.6931471805599453,1,0
834,4,6,2,2,8.436416881388949,0.6931471805599453,2,1,2,4,2,32.0,0.6931471805599453,1,0
835,2,24,2,1,8.972511390650263,0.6931471805599453,3,1,2,4,3,23.0,1.0986122886681098,1,0
836,4,18,0,6,8.334711621820917,0.6931471805599453,3,2,3,2,3,36.0,1.0986122886681098,1,0
837,2,24,2,2,8.30844552038576,0.6931471805599453,4,3,1,3,3,43.0,0.6931471805599453,2,0
838,4,18,1,0,8.773229786032473,0.6931471805599453,5,2,3,4,4,39.0,1.0986122886681098,2,0
839,4,12,2,0,7.234898420314831,1.3862943611198906,3,2,2,2,2,26.0,0.6931471805599453,1,0
840,1,36,2,6,7.589841512182657,1.791759469228055,5,4,3,4,4,40.0,0.6931471805599453,2,0
841,2,18,4,2,7.564757012905729,0.6931471805599453,2,2,3,2,1,31.0,1.0986122886681098,1,0
842,4,12,2,2,7.024649030453636,1.3862943611198906,3,4,2,4,3,29.0,0.6931471805599453,1,0
843,2,24,2,6,8.972511390650263,0.6931471805599453,3,2,3,3,3,29.0,1.0986122886681098,2,0
844,2,24,4,6,8.972511390650263,0.6931471805599453,3,2,3,3,3,39.0,1.0986122886681098,2,0
845,2,27,4,3,7.83241092718792,1.3862943611198906,3,4,3,2,2,23.0,1.0986122886681098,1,0
846,2,30,3,3,7.560080465021827,1.0986122886681098,2,4,3,3,4,30.0,1.0986122886681098,1,0
847,2,42,1,6,8.972511390650263,1.0986122886681098,5,3,2,4,4,60.0,1.0986122886681098,2,0
848,2,36,2,3,7.890582534656536,1.0986122886681098,3,4,2,4,4,50.0,0.6931471805599453,1,0
849,2,36,2,6,8.972511390650263,1.0986122886681098,3,1,3,4,4,47.0,0.6931471805599453,2,0
850,2,42,2,3,8.016977746762262,1.0986122886681098,3,4,3,4,2,21.0,0.6931471805599453,1,0
851,1,12,1,3,6.440946540632921,0.6931471805599453,3,4,2,4,1,24.0,0.6931471805599453,1,0
852,2,24,4,6,7.568379267836522,0.6931471805599453,5,4,1,4,1,31.0,1.0986122886681098,2,0
853,3,24,4,0,7.20414929203594,1.791759469228055,4,4,3,2,1,37.0,1.0986122886681098,1,0
854,4,18,2,2,7.335633981927201,0.6931471805599453,2,4,4,1,2,43.0,0.6931471805599453,1,0
855,1,42,2,0,8.276903481267057,0.6931471805599453,4,4,3,4,4,46.0,0.6931471805599453,1,0
856,1,24,1,2,8.116715624819111,1.3862943611198906,2,4,3,4,4,30.0,0.6931471805599453,2,0
857,1,36,2,3,7.741967899820685,0.6931471805599453,3,4,1,4,3,31.0,0.6931471805599453,1,0
858,1,42,2,3,8.285513309079741,0.6931471805599453,2,4,3,3,3,34.0,0.6931471805599453,1,0
859,1,12,2,3,6.590301048196686,1.0986122886681098,2,4,4,3,4,33.0,0.6931471805599453,2,0
860,4,42,2,6,8.272570608424903,1.791759469228055,3,4,1,2,1,38.0,0.6931471805599453,1,0
861,1,42,2,6,8.368461137615839,0.6931471805599453,2,3,2,4,2,24.0,0.6931471805599453,1,0
862,2,12,2,3,7.336285660021297,0.6931471805599453,2,1,4,1,1,23.0,0.6931471805599453,1,0
863,4,18,4,0,7.9287663216266955,0.6931471805599453,4,2,3,2,2,31.0,1.0986122886681098,1,0
864,1,40,4,6,8.699348067653093,0.6931471805599453,3,4,3,3,4,27.0,0.6931471805599453,2,0
865,3,15,4,3,7.148345743900068,1.791759469228055,3,3,3,4,4,39.0,1.0986122886681098,2,0
866,2,12,2,0,7.16703787691222,0.6931471805599453,2,3,2,1,3,25.0,0.6931471805599453,1,0
867,2,36,2,1,8.972511390650263,0.6931471805599453,2,1,4,4,3,28.0,0.6931471805599453,2,0
868,2,12,2,2,6.858565034791365,1.0986122886681098,2,4,2,4,3,27.0,1.5040773967762742,1,0
869,2,24,2,0,7.212294468500341,0.6931471805599453,2,3,2,4,3,25.0,0.6931471805599453,2,0
870,1,42,2,4,8.023552392404348,0.6931471805599453,3,3,3,4,3,54.0,0.6931471805599453,1,0
871,4,36,4,0,8.969032850034301,0.6931471805599453,3,4,2,2,1,25.0,1.0986122886681098,2,0
872,4,18,2,3,6.073044534100405,0.6931471805599453,1,3,2,4,1,22.0,0.6931471805599453,1,0
873,4,36,3,6,8.972511390650263,0.6931471805599453,2,1,1,1,3,28.0,1.0986122886681098,1,0
874,2,24,1,6,7.516433302915632,0.6931471805599453,4,4,2,4,4,34.0,0.6931471805599453,1,0
875,2,30,4,0,8.354674261918463,0.6931471805599453,1,4,4,2,3,28.0,1.0986122886681098,1,0
876,2,30,4,0,8.563122123304638,0.6931471805599453,1,4,4,2,3,28.0,1.0986122886681098,1,0
877,1,42,2,3,8.818630229100354,0.6931471805599453,3,3,2,2,3,31.0,0.6931471805599453,2,0
878,1,9,2,3,7.220373836723949,0.6931471805599453,2,3,2,4,2,22.0,0.6931471805599453,1,0
879,1,24,1,6,7.214504414151143,1.791759469228055,5,4,3,3,3,40.0,0.6931471805599453,2,0
880,1,18,2,2,7.813591552952433,0.6931471805599453,1,4,3,1,3,25.0,0.6931471805599453,1,0
881,3,9,0,3,7.198931240688173,0.6931471805599453,2,4,3,2,3,34.0,1.0986122886681098,2,0
882,1,42,2,0,8.957252944288902,0.6931471805599453,5,4,3,4,4,42.0,0.6931471805599453,1,0
883,2,15,1,0,7.142827401161621,1.0986122886681098,3,2,4,2,2,25.0,0.6931471805599453,1,0
884,2,15,2,0,7.875499292445208,1.0986122886681098,3,2,2,4,3,28.0,1.0986122886681098,2,0
885,2,42,2,0,8.788898309344878,1.0986122886681098,4,3,3,2,2,24.0,0.6931471805599453,1,0
886,1,24,2,0,8.046869510959576,0.6931471805599453,2,4,2,1,2,27.0,0.6931471805599453,1,0
887,1,36,4,6,8.972511390650263,0.6931471805599453,3,3,2,2,4,25.0,1.0986122886681098,2,0
888,1,24,2,3,7.799753318287247,0.6931471805599453,2,4,2,4,1,35.0,0.6931471805599453,2,0
889,2,36,2,2,8.972511390650263,1.0986122886681098,2,4,3,1,4,29.0,0.6931471805599453,2,0
890,2,42,2,0,8.972511390650263,0.6931471805599453,4,4,3,2,4,27.0,0.6931471805599453,2,0
891,1,36,4,1,8.972511390650263,0.6931471805599453,4,4,3,4,3,24.0,1.0986122886681098,2,0
892,2,12,2,3,7.3031700512368,1.791759469228055,3,2,4,1,1,25.0,0.6931471805599453,2,0
893,1,18,2,2,7.0317412587631285,0.6931471805599453,1,4,2,2,3,33.0,0.6931471805599453,1,0
894,2,24,3,2,7.632885505395133,0.6931471805599453,1,3,2,2,2,34.0,0.6931471805599453,2,0
895,2,18,2,1,8.972511390650263,0.6931471805599453,1,3,2,4,4,38.0,0.6931471805599453,2,0
896,4,21,3,6,7.855932199718614,1.3862943611198906,2,4,3,2,1,41.0,0.6931471805599453,1,0
897,4,27,2,0,7.852050207265889,0.6931471805599453,3,3,2,3,1,21.0,0.6931471805599453,1,0
898,2,27,2,6,8.272826003650401,0.6931471805599453,3,4,3,2,3,36.0,0.6931471805599453,2,0
899,4,10,2,0,7.177782416195197,1.791759469228055,3,4,3,4,2,27.0,0.6931471805599453,1,0
900,1,24,2,0,8.480114183174816,0.6931471805599453,4,2,3,3,2,31.0,0.6931471805599453,2,0
901,1,12,2,0,7.855544677915663,0.6931471805599453,2,4,3,1,1,33.0,0.6931471805599453,1,0
902,2,36,3,0,7.70796153183549,0.6931471805599453,5,4,3,4,4,57.0,1.0986122886681098,2,0
903,1,18,2,2,8.331827004436057,0.6931471805599453,3,2,3,3,3,42.0,0.6931471805599453,1,0
904,1,18,0,2,8.043984431221553,0.6931471805599453,2,1,2,4,2,26.0,0.6931471805599453,1,0
905,1,18,4,2,7.661527081358517,0.6931471805599453,3,4,2,4,1,24.0,1.0986122886681098,1,0
906,1,18,1,2,7.348587530927593,0.6931471805599453,3,4,3,3,3,44.0,0.6931471805599453,1,0
907,1,30,2,2,7.786136437783072,0.6931471805599453,4,4,2,4,1,23.0,0.6931471805599453,1,0
908,1,24,3,0,7.195937226475569,0.6931471805599453,1,4,3,2,1,43.0,1.0986122886681098,1,0
909,1,42,0,2,8.87066300440602,0.6931471805599453,3,3,3,4,4,53.0,1.0986122886681098,1,0
910,1,24,3,0,8.491054533806542,0.6931471805599453,3,3,3,4,4,53.0,1.0986122886681098,1,0
911,1,12,4,0,6.539585955617669,0.6931471805599453,5,4,3,3,2,35.0,1.0986122886681098,1,0
912,1,42,3,3,8.382747094863314,0.6931471805599453,4,3,3,2,2,26.0,1.0986122886681098,2,0
913,1,36,1,2,7.918264686095274,0.6931471805599453,5,4,3,4,3,31.0,0.6931471805599453,1,0
914,1,24,0,2,8.321421586897879,0.6931471805599453,5,3,3,4,4,23.0,1.0986122886681098,1,0
915,1,18,2,2,7.809135398120538,0.6931471805599453,3,2,3,2,3,22.0,0.6931471805599453,1,0
916,1,12,2,2,7.1569563646156364,0.6931471805599453,3,2,2,4,3,20.0,0.6931471805599453,1,0
917,2,12,0,2,7.996317231796746,0.6931471805599453,2,4,2,3,2,25.0,1.0986122886681098,1,0
918,1,42,0,1,8.43511508038063,0.6931471805599453,5,3,3,4,4,24.0,1.0986122886681098,1,0
919,1,42,4,1,8.753371421000903,0.6931471805599453,5,4,3,4,4,46.0,1.0986122886681098,2,0
920,1,24,1,2,8.175547596021026,0.6931471805599453,4,3,3,4,3,27.0,0.6931471805599453,1,0
921,1,12,1,0,6.548219102762372,0.6931471805599453,2,4,3,2,3,46.0,1.0986122886681098,2,0
922,1,24,2,0,7.274479558773871,0.6931471805599453,4,4,2,4,3,23.0,1.0986122886681098,1,0
923,1,27,0,6,8.574329382787047,0.6931471805599453,1,2,3,4,2,50.0,1.0986122886681098,2,0
924,1,21,3,6,8.13593277200489,0.6931471805599453,2,2,3,1,2,26.0,1.0986122886681098,1,0
925,1,18,2,2,7.620705086838262,0.6931471805599453,3,1,2,4,1,20.0,0.6931471805599453,1,0
926,1,24,1,6,8.058960017769417,0.6931471805599453,3,4,3,2,2,31.0,0.6931471805599453,2,0
927,1,12,2,6,6.805722553416985,0.6931471805599453,4,4,4,4,2,21.0,0.6931471805599453,1,0
928,1,42,2,1,8.972511390650263,0.6931471805599453,4,4,3,4,4,39.0,1.3862943611198906,2,0
929,2,42,0,6,8.972511390650263,0.6931471805599453,3,2,3,2,3,25.0,0.6931471805599453,2,0
930,2,18,4,0,6.963189985870238,0.6931471805599453,5,3,3,3,1,30.0,1.0986122886681098,1,0
931,1,12,2,0,7.150701457592526,0.6931471805599453,2,3,2,1,1,37.0,0.6931471805599453,1,0
932,2,12,2,0,7.1098794630722715,0.6931471805599453,5,1,1,1,1,46.0,1.0986122886681098,1,0
933,1,12,2,0,7.224753405767971,0.6931471805599453,4,2,1,3,3,36.0,0.6931471805599453,1,0
934,1,16,4,0,7.873217054862741,0.6931471805599453,5,2,3,4,2,43.0,0.6931471805599453,2,0
935,1,20,4,0,7.71244383427499,0.6931471805599453,3,4,4,2,2,33.0,1.0986122886681098,1,0
936,2,9,2,2,6.866933284461882,0.6931471805599453,3,1,2,2,3,29.0,0.6931471805599453,1,0
937,2,18,4,0,6.785587645007929,0.6931471805599453,5,4,3,4,3,36.0,0.6931471805599453,2,0
938,2,24,2,0,7.1284959456800365,0.6931471805599453,2,4,3,2,1,23.0,0.6931471805599453,1,0
939,2,36,3,0,8.972511390650263,1.0986122886681098,5,2,3,4,3,42.0,1.5040773967762742,2,0
940,4,42,4,0,8.972511390650263,1.3862943611198906,3,2,3,2,4,44.0,0.6931471805599453,1,0
941,2,12,2,0,6.790097235513905,0.6931471805599453,5,4,3,4,3,41.0,0.6931471805599453,1,0
942,4,12,2,6,6.579251212010101,0.6931471805599453,5,4,3,4,3,41.0,0.6931471805599453,1,0
943,2,36,2,0,8.972511390650263,1.791759469228055,3,1,3,4,4,37.0,0.6931471805599453,2,0
944,1,12,2,3,6.565264970035361,0.6931471805599453,5,4,3,4,1,57.0,0.6931471805599453,1,0
945,2,15,1,0,8.832149906002899,1.0986122886681098,1,1,3,2,2,34.0,0.6931471805599453,2,0
946,4,10,2,2,7.701200180857446,0.6931471805599453,3,2,3,2,1,25.0,0.6931471805599453,1,0
947,4,30,1,1,8.920789888464375,1.791759469228055,1,4,2,1,1,53.0,0.6931471805599453,2,0
948,1,18,1,0,7.274479558773871,0.6931471805599453,4,4,3,4,4,32.0,1.0986122886681098,1,0
949,4,12,4,3,6.682108597449809,1.791759469228055,5,4,2,3,2,33.0,0.6931471805599453,1,0
950,2,42,4,3,8.465268118551318,0.6931471805599453,2,4,3,2,2,24.0,1.0986122886681098,1,0
951,3,12,4,0,6.84587987526405,1.3862943611198906,4,4,4,2,1,28.0,1.3862943611198906,2,0
952,2,21,2,6,7.080867896690782,0.6931471805599453,5,2,2,4,2,39.0,0.6931471805599453,1,0
953,4,42,4,1,8.972511390650263,1.0986122886681098,3,2,2,4,3,24.0,1.0986122886681098,1,0
954,3,12,1,6,6.413458957167357,0.6931471805599453,2,4,2,1,1,26.0,0.6931471805599453,1,0
955,1,18,4,5,7.0825485693553,0.6931471805599453,1,2,2,4,4,55.0,1.3862943611198906,1,0
956,2,21,2,6,7.92588031673756,1.0986122886681098,5,4,1,2,3,61.0,1.0986122886681098,1,0
957,2,30,2,2,8.143807976771484,1.0986122886681098,3,2,2,4,3,21.0,0.6931471805599453,1,0
958,2,30,0,6,8.361941906144946,1.0986122886681098,3,4,2,4,3,26.0,1.0986122886681098,1,0
959,2,24,2,3,8.03689677268507,1.0986122886681098,2,3,4,2,3,22.0,0.6931471805599453,2,0
960,4,18,2,0,8.819073983267831,1.791759469228055,3,2,3,4,3,64.5,1.0986122886681098,1,0
961,2,12,2,3,7.194436851100335,0.6931471805599453,2,2,3,1,3,22.0,0.6931471805599453,1,0
962,2,42,0,6,8.972511390650263,0.6931471805599453,2,3,3,4,4,58.0,0.6931471805599453,2,0
963,1,24,2,2,8.081784206935001,0.6931471805599453,2,4,2,4,1,23.0,0.6931471805599453,2,0
964,2,15,2,3,6.688354713946762,0.6931471805599453,5,4,3,3,3,37.0,0.6931471805599453,1,0
965,2,42,2,2,8.972511390650263,0.6931471805599453,2,1,2,2,3,26.0,0.6931471805599453,2,0
966,4,24,3,6,8.972511390650263,0.6931471805599453,2,2,3,2,3,27.0,1.0986122886681098,2,0
967,1,18,2,3,7.204892510204673,0.6931471805599453,3,4,4,3,1,26.0,0.6931471805599453,1,0
968,1,42,2,3,7.520776415062797,0.6931471805599453,3,4,3,4,4,23.0,0.6931471805599453,2,0
969,1,21,1,0,7.4073177104694174,1.791759469228055,3,4,3,2,2,40.0,1.0986122886681098,1,0
970,4,42,2,6,8.485702524324866,0.6931471805599453,1,3,3,2,3,33.0,0.6931471805599453,2,0
971,2,27,0,6,8.972511390650263,0.6931471805599453,5,2,2,4,4,42.0,1.0986122886681098,2,0
972,3,18,2,3,7.650168700845001,0.6931471805599453,3,4,3,2,1,37.0,0.6931471805599453,1,0
973,1,42,0,6,8.972511390650263,0.6931471805599453,5,2,3,4,3,29.0,1.0986122886681098,1,0
974,1,6,2,6,6.1070228877422545,0.6931471805599453,2,4,2,4,2,23.0,0.6931471805599453,1,0
975,1,30,2,5,8.972511390650263,0.6931471805599453,2,1,1,1,4,34.0,0.6931471805599453,2,0
976,2,42,0,6,8.972511390650263,0.6931471805599453,3,1,2,2,2,32.0,0.6931471805599453,2,0
977,1,6,2,0,8.972511390650263,0.6931471805599453,5,1,3,4,4,64.5,0.6931471805599453,2,0
978,2,12,2,2,7.924072324923417,1.791759469228055,5,1,2,2,2,25.0,0.6931471805599453,2,0
979,1,12,2,1,8.127699852817772,0.6931471805599453,5,3,3,4,4,35.0,0.6931471805599453,2,0
980,2,24,2,3,7.620705086838262,0.6931471805599453,2,1,4,1,2,22.0,0.6931471805599453,2,0
981,4,18,3,6,7.682482446534506,0.6931471805599453,3,4,4,2,3,28.0,0.6931471805599453,2,0
982,2,42,4,2,8.536407410340042,0.6931471805599453,3,2,2,3,3,30.0,0.6931471805599453,2,0
983,1,18,2,3,7.5406215286571525,0.6931471805599453,3,4,2,4,3,25.0,1.0986122886681098,1,0
984,1,42,2,3,8.85366542803745,0.6931471805599453,4,1,4,1,1,34.0,1.0986122886681098,2,0
985,4,12,4,6,7.737616282857904,0.6931471805599453,1,4,3,2,3,42.0,1.0986122886681098,2,0
986,1,14,2,0,8.972511390650263,0.6931471805599453,5,1,1,4,2,45.0,0.6931471805599453,2,0
987,1,12,2,3,6.51471269087253,1.0986122886681098,4,4,4,1,2,20.0,0.6931471805599453,1,0
988,1,18,2,0,6.884486652042782,0.6931471805599453,2,1,2,2,3,23.0,0.6931471805599453,1,0
989,2,24,2,0,7.908019444632471,0.6931471805599453,3,3,2,4,2,20.0,0.6931471805599453,2,0
990,1,18,2,6,6.621405651764134,0.6931471805599453,1,4,2,1,1,27.0,0.6931471805599453,1,0
991,2,24,2,1,8.972511390650263,0.6931471805599453,5,4,2,2,4,44.0,0.6931471805599453,2,0
992,1,18,2,1,8.9242570208881,1.791759469228055,5,1,3,4,2,51.0,0.6931471805599453,2,0
993,1,18,4,0,8.28576542051433,0.6931471805599453,5,1,2,4,1,33.0,1.3862943611198906,2,0
994,1,12,0,3,8.732304571033183,0.6931471805599453,3,4,3,2,2,28.0,1.0986122886681098,2,0
995,1,24,2,3,7.59488438721652,0.6931471805599453,3,2,3,4,1,21.0,0.6931471805599453,1,0
996,1,24,2,0,7.742402021815782,0.6931471805599453,5,4,3,1,1,45.0,0.6931471805599453,1,0
997,4,21,4,0,8.972511390650263,1.791759469228055,5,4,3,4,4,30.0,0.6931471805599453,2,0
998,2,12,2,3,8.774776816043985,1.791759469228055,1,2,3,1,4,52.0,0.6931471805599453,2,0
999,1,30,2,2,8.756367559802975,1.791759469228055,5,4,3,4,2,31.0,0.6931471805599453,1,0
